# Source: binlist-data (github.com/iannuttall/binlist-data), CC BY 4.0; rows with country IN, issuer names normalised.
bin,brand,type,category,issuer
367000,DINERS CLUB,CREDIT,,Yes Bank
367001,DINERS CLUB,CREDIT,,Yes Bank
367002,DINERS CLUB,CREDIT,,Yes Bank
367003,DINERS CLUB,CREDIT,,Yes Bank
367004,DINERS CLUB,CREDIT,,Yes Bank
367005,DINERS CLUB,CREDIT,,Yes Bank
367006,DINERS CLUB,CREDIT,,Yes Bank
367007,DINERS CLUB,CREDIT,,Yes Bank
367008,DINERS CLUB,CREDIT,,Yes Bank
367009,DINERS CLUB,CREDIT,,Yes Bank
367010,DINERS CLUB,CREDIT,,Yes Bank
367012,DINERS CLUB,CREDIT,,Yes Bank
367029,DINERS CLUB,CREDIT,,Yes Bank
367030,DINERS CLUB,CREDIT,,Yes Bank
367032,DINERS CLUB,CREDIT,,Yes Bank
367033,DINERS CLUB,CREDIT,,Yes Bank
367034,DINERS CLUB,CREDIT,,Yes Bank
367035,DINERS CLUB,CREDIT,,Yes Bank
367036,DINERS CLUB,CREDIT,,Yes Bank
367037,DINERS CLUB,CREDIT,,Yes Bank
367038,DINERS CLUB,CREDIT,,Yes Bank
367039,DINERS CLUB,CREDIT,,Yes Bank
367040,DINERS CLUB,CREDIT,,Yes Bank
367041,DINERS CLUB,CREDIT,,Yes Bank
367042,DINERS CLUB,CREDIT,,Yes Bank
367043,DINERS CLUB,CREDIT,,Yes Bank
367044,DINERS CLUB,CREDIT,,Yes Bank
367045,DINERS CLUB,CREDIT,,Yes Bank
367046,DINERS CLUB,CREDIT,,Yes Bank
367047,DINERS CLUB,CREDIT,,Yes Bank
367048,DINERS CLUB,CREDIT,,Yes Bank
367049,DINERS CLUB,CREDIT,,Yes Bank
367050,DINERS CLUB,CREDIT,,Yes Bank
367051,DINERS CLUB,CREDIT,,Yes Bank
367052,DINERS CLUB,CREDIT,,Yes Bank
367054,DINERS CLUB,CREDIT,,Yes Bank
367055,DINERS CLUB,CREDIT,,Yes Bank
367058,DINERS CLUB,CREDIT,,Yes Bank
367061,DINERS CLUB,CREDIT,,Yes Bank
367065,DINERS CLUB,CREDIT,,Yes Bank
367067,DINERS CLUB,CREDIT,,Yes Bank
367069,DINERS CLUB,CREDIT,,Yes Bank
367070,DINERS CLUB,CREDIT,,Yes Bank
367071,DINERS CLUB,CREDIT,,Yes Bank
367072,DINERS CLUB,CREDIT,,Yes Bank
367073,DINERS CLUB,CREDIT,,Yes Bank
367074,DINERS CLUB,CREDIT,,Yes Bank
367075,DINERS CLUB,CREDIT,,Yes Bank
367076,DINERS CLUB,CREDIT,,Yes Bank
367077,DINERS CLUB,CREDIT,,Yes Bank
367078,DINERS CLUB,CREDIT,,Yes Bank
367079,DINERS CLUB,CREDIT,,Yes Bank
367080,DINERS CLUB,CREDIT,,Yes Bank
367081,DINERS CLUB,CREDIT,,Yes Bank
367082,DINERS CLUB,CREDIT,,Yes Bank
367083,DINERS CLUB,CREDIT,,Yes Bank
367084,DINERS CLUB,CREDIT,,Yes Bank
367085,DINERS CLUB,CREDIT,,Yes Bank
367086,DINERS CLUB,CREDIT,,Yes Bank
367087,DINERS CLUB,CREDIT,,Yes Bank
367088,DINERS CLUB,CREDIT,,Yes Bank
367089,DINERS CLUB,CREDIT,,Yes Bank
367090,DINERS CLUB,CREDIT,,Yes Bank
367092,DINERS CLUB,CREDIT,,Yes Bank
367093,DINERS CLUB,CREDIT,,Yes Bank
367094,DINERS CLUB,CREDIT,,Yes Bank
367095,DINERS CLUB,CREDIT,,Yes Bank
367096,DINERS CLUB,CREDIT,,Yes Bank
367097,DINERS CLUB,CREDIT,,Yes Bank
367098,DINERS CLUB,CREDIT,,Yes Bank
367099,DINERS CLUB,CREDIT,,Yes Bank
370001,AMERICAN EXPRESS,CREDIT,,American Express
376900,AMERICAN EXPRESS,CREDIT,,American Express
376901,AMERICAN EXPRESS,CREDIT,,American Express
376902,AMERICAN EXPRESS,CREDIT,,American Express
376903,AMERICAN EXPRESS,CREDIT,,American Express
376904,AMERICAN EXPRESS,CREDIT,,American Express
376905,AMERICAN EXPRESS,CREDIT,,American Express
376906,AMERICAN EXPRESS,CREDIT,,American Express
376907,AMERICAN EXPRESS,CREDIT,,American Express
376908,AMERICAN EXPRESS,CREDIT,,American Express
376909,AMERICAN EXPRESS,CREDIT,,American Express
376910,AMERICAN EXPRESS,CREDIT,,American Express
376911,AMERICAN EXPRESS,CREDIT,,American Express
376912,AMERICAN EXPRESS,CREDIT,,American Express
376913,AMERICAN EXPRESS,CREDIT,,American Express
376914,AMERICAN EXPRESS,CREDIT,,American Express
376915,AMERICAN EXPRESS,CREDIT,,American Express
376916,AMERICAN EXPRESS,CREDIT,,American Express
376917,AMERICAN EXPRESS,CREDIT,,American Express
376918,AMERICAN EXPRESS,CREDIT,,American Express
376919,AMERICAN EXPRESS,CREDIT,,American Express
376920,AMERICAN EXPRESS,CREDIT,,American Express
376921,AMERICAN EXPRESS,CREDIT,,American Express
376922,AMERICAN EXPRESS,CREDIT,,American Express
376923,AMERICAN EXPRESS,CREDIT,,American Express
376924,AMERICAN EXPRESS,CREDIT,,American Express
376925,AMERICAN EXPRESS,CREDIT,,American Express
376926,AMERICAN EXPRESS,CREDIT,,American Express
376927,AMERICAN EXPRESS,CREDIT,,American Express
376928,AMERICAN EXPRESS,CREDIT,,American Express
376929,AMERICAN EXPRESS,CREDIT,,American Express
376930,AMERICAN EXPRESS,CREDIT,,American Express
376931,AMERICAN EXPRESS,CREDIT,,American Express
376932,AMERICAN EXPRESS,CREDIT,,American Express
376933,AMERICAN EXPRESS,CREDIT,,American Express
376934,AMERICAN EXPRESS,CREDIT,,American Express
376935,AMERICAN EXPRESS,CREDIT,,American Express
376936,AMERICAN EXPRESS,CREDIT,,American Express
376937,AMERICAN EXPRESS,CREDIT,,American Express
376938,AMERICAN EXPRESS,CREDIT,,American Express
376939,AMERICAN EXPRESS,CREDIT,,Bank New Delhi
376940,AMERICAN EXPRESS,CREDIT,,American Express
376941,AMERICAN EXPRESS,CREDIT,,American Express
376942,AMERICAN EXPRESS,CREDIT,,American Express
376943,AMERICAN EXPRESS,CREDIT,,American Express
376944,AMERICAN EXPRESS,CREDIT,,American Express
376945,AMERICAN EXPRESS,CREDIT,,American Express
376946,AMERICAN EXPRESS,CREDIT,,American Express
376947,AMERICAN EXPRESS,CREDIT,,American Express
376948,AMERICAN EXPRESS,CREDIT,,American Express
376949,AMERICAN EXPRESS,CREDIT,,American Express
376950,AMERICAN EXPRESS,CREDIT,,American Express
376951,AMERICAN EXPRESS,CREDIT,,American Express
376952,AMERICAN EXPRESS,CREDIT,,American Express
376953,AMERICAN EXPRESS,CREDIT,,American Express
376954,AMERICAN EXPRESS,CREDIT,,American Express
376955,AMERICAN EXPRESS,CREDIT,,American Express
376956,AMERICAN EXPRESS,CREDIT,,American Express
376957,AMERICAN EXPRESS,CREDIT,,American Express
376958,AMERICAN EXPRESS,CREDIT,,American Express
376959,AMERICAN EXPRESS,CREDIT,,American Express
376961,AMERICAN EXPRESS,CREDIT,,American Express
376962,AMERICAN EXPRESS,CREDIT,,American Express
376965,AMERICAN EXPRESS,CREDIT,,American Express
376967,AMERICAN EXPRESS,CREDIT,,American Express
376969,AMERICAN EXPRESS,CREDIT,,American Express
376970,AMERICAN EXPRESS,CREDIT,,American Express
376971,AMERICAN EXPRESS,CREDIT,,American Express
376972,AMERICAN EXPRESS,CREDIT,,American Express
376973,AMERICAN EXPRESS,CREDIT,,American Express
376974,AMERICAN EXPRESS,CREDIT,,American Express
376975,AMERICAN EXPRESS,CREDIT,,American Express
376976,AMERICAN EXPRESS,CREDIT,,American Express
376977,AMERICAN EXPRESS,CREDIT,,American Express
376978,AMERICAN EXPRESS,CREDIT,,American Express
376979,AMERICAN EXPRESS,CREDIT,,American Express
376980,AMERICAN EXPRESS,CREDIT,,American Express
376982,AMERICAN EXPRESS,CREDIT,,American Express
376983,AMERICAN EXPRESS,CREDIT,,American Express
376984,AMERICAN EXPRESS,CREDIT,,American Express
376985,AMERICAN EXPRESS,CREDIT,,American Express
376986,AMERICAN EXPRESS,CREDIT,,American Express
376987,AMERICAN EXPRESS,CREDIT,,American Express
376988,AMERICAN EXPRESS,CREDIT,,American Express
376990,AMERICAN EXPRESS,CREDIT,,American Express
376991,AMERICAN EXPRESS,CREDIT,,American Express
376992,AMERICAN EXPRESS,CREDIT,,American Express
376993,AMERICAN EXPRESS,CREDIT,,American Express
376994,AMERICAN EXPRESS,CREDIT,,American Express
376995,AMERICAN EXPRESS,CREDIT,,American Express
376996,AMERICAN EXPRESS,CREDIT,,American Express
376997,AMERICAN EXPRESS,CREDIT,,American Express
376998,AMERICAN EXPRESS,CREDIT,,American Express
376999,AMERICAN EXPRESS,CREDIT,,American Express
400016,VISA,DEBIT,Classic,SBI
400017,VISA,DEBIT,Classic,Yes Bank
400018,VISA,DEBIT,Corporate T&e,SBI
400019,VISA,DEBIT,Corporate T&e,Yes Bank
400032,VISA,DEBIT,Classic,SBI
400033,VISA,DEBIT,,Yes Bank
400034,VISA,DEBIT,,Yes Bank
400035,VISA,DEBIT,Classic,Yes Bank
400036,VISA,DEBIT,Classic,SBI
400037,VISA,DEBIT,,Yes Bank
400038,VISA,DEBIT,Corporate T&e,SBI
400040,VISA,DEBIT,Corporate T&e,SBI
400042,VISA,DEBIT,Corporate T&e,SBI
400043,VISA,DEBIT,,Yes Bank
400044,VISA,DEBIT,,Yes Bank
400045,VISA,DEBIT,,Yes Bank
400666,VISA,CREDIT,Classic,SBI Card
400667,VISA,CREDIT,Premier,SBI Card
401063,VISA,CREDIT,Signature,OneCard
401151,VISA,DEBIT,Electron,Axis Bank
401152,VISA,DEBIT,Electron,Axis Bank
401822,VISA,,,
401823,VISA,CREDIT,,Yes Bank
402368,VISA,CREDIT,Premier,ICICI Bank
402565,VISA,DEBIT,Classic,
402635,VISA,DEBIT,Classic,ICICI Bank
402657,VISA,DEBIT,Electron,ICICI Bank
402735,VISA,CREDIT,,Bank of Baroda
402741,VISA,DEBIT,Classic,Union Bank of India
402742,VISA,,,Union Bank of India
402780,VISA,CREDIT,,Yes Bank
402790,VISA,DEBIT,Electron,Canara Bank
402853,VISA,CREDIT,Premier,ICICI Bank
402874,VISA,CREDIT,Infinite,Standard Chartered
402969,VISA,DEBIT,Electron,IndusInd Bank
402970,VISA,CREDIT,,IndusInd Bank
402985,VISA,DEBIT,Electron,Bank of Baroda
402986,VISA,CREDIT,,Bank of Baroda
403250,VISA,DEBIT,Classic,Yes Bank
403251,VISA,DEBIT,Gold Premium,Yes Bank
403362,VISA,CREDIT,,Union Bank of India
403398,VISA,DEBIT,Electron,Canara Bank
403399,VISA,CREDIT,,Canara Bank
403405,VISA,CREDIT,Classic,Bank of Baroda
403523,VISA,,,
403748,VISA,CREDIT,,Yes Bank
403749,VISA,CREDIT,,Yes Bank
404241,VISA,DEBIT,Electron,Axis Bank
404276,VISA,CREDIT,Classic,HDFC Bank
404278,VISA,CREDIT,Classic,SBI Card
404322,VISA,DEBIT,Electron,Karur Vysya Bank
404834,VISA,DEBIT,Electron,Federal Bank
404835,VISA,,,Federal Bank
405028,VISA,CREDIT,Platinum,HDFC Bank
405238,VISA,DEBIT,Electron,Bank Of India
405450,VISA,CREDIT,Classic,Citibank
405451,VISA,CREDIT,Premier,Citibank
405533,VISA,CREDIT,Signature,ICICI Bank
405663,VISA,,,Axis Bank
405994,VISA,,,
405995,VISA,,,
405997,VISA,CREDIT,,Yes Bank
406228,VISA,DEBIT,Platinum,Axis Bank
406229,VISA,DEBIT,Electron,Axis Bank
406477,VISA,,,SBI
407438,VISA,CREDIT,Corporate T&e,Axis Bank
407439,VISA,CREDIT,Corporate T&e,Axis Bank
407651,VISA,CREDIT,Premier,ICICI Bank
407652,VISA,,,DCB Bank
407659,VISA,CREDIT,Classic,ICICI Bank
407706,VISA,DEBIT,Corporate T&e,Axis Bank
408925,VISA,CREDIT,,Yes Bank
408971,VISA,CREDIT,,Yes Bank
408982,VISA,CREDIT,,Yes Bank
409030,VISA,CREDIT,Classic,Canara Bank
409031,VISA,CREDIT,Premier,Canara Bank
409064,VISA,CREDIT,Classic,Bank of Baroda
409361,VISA,DEBIT,Classic,SBI
409386,VISA,DEBIT,Electron,IDBI Bank
409643,VISA,DEBIT,Electron,ICICI Bank
410028,VISA,DEBIT,Classic,DCB Bank
410030,VISA,CREDIT,,DCB Bank
410043,VISA,CREDIT,Corporate T,Canara Bank
410059,VISA,CREDIT,Classic,ICICI Bank
410153,VISA,CREDIT,,Punjab National Bank
410202,VISA,CREDIT,Business,ICICI Bank
410529,VISA,CREDIT,,HDFC Bank
411146,VISA,CREDIT,Signature,Axis Bank
412903,VISA,CREDIT,Classic,Standard Chartered
412904,VISA,CREDIT,Classic,Standard Chartered
412905,VISA,CREDIT,Premier,Standard Chartered
412929,VISA,,,Citibank
413085,VISA,DEBIT,Prepaid,Citibank
413289,VISA,CREDIT,Business,ICICI Bank
413441,VISA,,,
414366,VISA,CREDIT,Classic,Card Services For Credit Unions
414367,VISA,CREDIT,Business,Card Services For Credit Unions
414752,VISA,CREDIT,Signature,IndusInd Bank
414767,VISA,CREDIT,Signature,Yes Bank
414772,VISA,CREDIT,Signature,IndusInd Bank
416021,VISA,DEBIT,Platinum,HDFC Bank
416419,VISA,DEBIT,Electron,BNP Paribas
416452,VISA,CREDIT,,IDBI Bank
416453,VISA,,,BNP Paribas
416643,VISA,CREDIT,Premier,Yes Bank
416644,VISA,CREDIT,Platinum,
416645,VISA,CREDIT,Business,
416646,VISA,CREDIT,Corporate T&e,Kotak Mahindra Bank
417846,VISA,,,
417847,VISA,,,
417848,VISA,CREDIT,Platinum,
417916,VISA,,,
417917,VISA,DEBIT,Classic,Axis Bank
417918,VISA,DEBIT,Electron,
417921,VISA,DEBIT,Classic,
418123,VISA,DEBIT,Classic,Yes Bank
418124,VISA,DEBIT,,
418126,VISA,,,Axis Bank
418130,VISA,DEBIT,Classic,Saraswat Co-operative Bank
418133,VISA,DEBIT,Premier,ICICI Bank
418136,VISA,CREDIT,Signature,HDFC Bank
418157,VISA,DEBIT,Classic,ICICI Bank
418158,VISA,DEBIT,Premier,ICICI Bank
418174,VISA,DEBIT,Corporate T&e,Axis Bank
418175,VISA,DEBIT,Corporate T&e,Axis Bank
418176,VISA,DEBIT,,
418177,VISA,DEBIT,,
418210,VISA,DEBIT,Platinum,Axis Bank
418212,VISA,CREDIT,Business,Axis Bank
418219,VISA,DEBIT,Classic,HDFC Bank
418226,VISA,DEBIT,Business,Axis Bank
418228,VISA,DEBIT,Signature,Axis Bank
418234,VISA,DEBIT,Corporate T&e,HDFC Bank
418235,VISA,DEBIT,,
418241,VISA,,,
418254,VISA,DEBIT,Corporate T&e,
418255,VISA,DEBIT,Corporate T&e,HDFC Bank
418261,VISA,CREDIT,,Yes Bank
418264,VISA,DEBIT,Corporate T&e,HDFC Bank
418276,VISA,DEBIT,Classic,ICICI Bank
418356,VISA,CREDIT,Classic,Yes Bank
418357,VISA,CREDIT,Premier,
418685,VISA,CREDIT,Premier,Dhanlaxmi Bank
418686,VISA,CREDIT,Platinum,Dhanlaxmi Bank
418688,VISA,CREDIT,Corporate T&e,Dhanlaxmi Bank
419607,VISA,CREDIT,Business,Standard Chartered
419788,VISA,CREDIT,Classic,Yes Bank
419789,VISA,CREDIT,Premier,Yes Bank
419937,VISA,CREDIT,,Yes Bank
419952,VISA,CREDIT,,Yes Bank
419975,VISA,CREDIT,,Yes Bank
419981,VISA,CREDIT,,Yes Bank
420580,VISA,DEBIT,Electron,ICICI Bank
421175,VISA,DEBIT,Corporate T&e,Citibank
421189,VISA,DEBIT,Electron,GE Money Financial Services
421190,VISA,DEBIT,Plus,GE Countrywide Consumer Financial Services
421308,VISA,DEBIT,Classic,Yes Bank
421314,VISA,DEBIT,Classic,HDFC Bank
421318,VISA,DEBIT,Classic,HDFC Bank
421319,VISA,DEBIT,Classic,Punjab National Bank
421320,VISA,DEBIT,Corporate T&e,HDFC Bank
421321,VISA,DEBIT,,Yes Bank
421322,VISA,DEBIT,Prepaid,HDFC Bank
421323,VISA,DEBIT,Premier,ICICI Bank
421324,VISA,DEBIT,Classic,IndusInd Bank
421325,VISA,DEBIT,Corporate T&e,Axis Bank
421326,VISA,DEBIT,Corporate T,Axis Bank
421327,VISA,DEBIT,Corporate T,Axis Bank
421328,VISA,DEBIT,Corporate T&e,HDFC Bank
421329,VISA,DEBIT,Premier,ICICI Bank
421331,VISA,DEBIT,Corporate T&e,HDFC Bank
421332,VISA,DEBIT,Corporate T&e,HDFC Bank
421334,VISA,DEBIT,Classic,
421335,VISA,DEBIT,Classic,HDFC Bank
421337,VISA,DEBIT,Classic,Indian Bank
421341,VISA,DEBIT,Classic,Bank of Baroda
421368,VISA,DEBIT,Classic,Union Bank of India
421380,VISA,DEBIT,Classic,Axis Bank
421392,VISA,DEBIT,Premier,HDFC Bank
421394,VISA,DEBIT,Gold Premium,HDFC Bank
421395,VISA,DEBIT,Premier,ICICI Bank
421409,VISA,DEBIT,Classic,Bank Of Maharashtra
421424,VISA,DEBIT,Premier,HDFC Bank
421426,VISA,DEBIT,Classic,IDBI Bank
421438,VISA,DEBIT,Classic,ICICI Bank
421458,VISA,DEBIT,Classic,Canara Bank
421466,VISA,DEBIT,Corporate T&e,Axis Bank
421478,VISA,DEBIT,Classic,ICICI Bank
421479,VISA,DEBIT,Classic,ICICI Bank
421480,VISA,DEBIT,Classic,ICICI Bank
421490,VISA,DEBIT,Classic,IDBI Bank
421491,VISA,DEBIT,Premier,IDBI Bank
421492,VISA,DEBIT,Classic,Karnataka Bank
421493,VISA,DEBIT,Classic,Kotak Mahindra Bank
421495,VISA,DEBIT,Classic,ICICI Bank
421517,VISA,DEBIT,Classic,Dhanlaxmi Bank
421519,VISA,DEBIT,Corporate T&e,Axis Bank
421520,VISA,DEBIT,Corporate,Axis Bank
421539,VISA,DEBIT,Classic,Axis Bank
421560,VISA,DEBIT,Classic,CSB Bank
421572,VISA,DEBIT,Premier,Axis Bank
421578,VISA,DEBIT,Classic,HDFC Bank
421590,VISA,DEBIT,Classic,ICICI Bank
421601,VISA,DEBIT,Classic,SBI
421602,VISA,DEBIT,Classic,SBI
421603,VISA,DEBIT,Classic,SBI
421604,VISA,DEBIT,Classic,SBI
421605,VISA,DEBIT,Classic,SBI
421606,VISA,DEBIT,Classic,SBI
421617,VISA,DEBIT,Classic,Deutsche Bank
421621,VISA,DEBIT,Premier,Deutsche Bank
421627,VISA,DEBIT,Classic,ICICI Bank
421628,VISA,DEBIT,Business,ICICI Bank
421630,VISA,DEBIT,Premier,ICICI Bank
421674,VISA,DEBIT,Classic,SBI
421681,VISA,DEBIT,Premier,IndusInd Bank
421687,VISA,DEBIT,Classic,SBI
421688,VISA,DEBIT,Classic,SBI
421752,VISA,,,Deutsche Bank
422132,VISA,DEBIT,Classic,Indian Overseas Bank
422198,VISA,CREDIT,Premier,Indian Overseas Bank
422316,VISA,CREDIT,,CSB Bank
422677,VISA,DEBIT,Classic,HDFC Bank
422678,VISA,DEBIT,Classic,HDFC Bank
423226,VISA,CREDIT,Classic,ICICI Bank
423227,VISA,CREDIT,Premier,ICICI Bank
423364,VISA,CREDIT,,Yes Bank
424000,VISA,CREDIT,,Yes Bank
424001,VISA,CREDIT,,Yes Bank
424002,VISA,CREDIT,,Yes Bank
424003,VISA,CREDIT,,Yes Bank
424004,VISA,CREDIT,,Yes Bank
424005,VISA,CREDIT,,Yes Bank
424006,VISA,CREDIT,,Yes Bank
424007,VISA,CREDIT,,Yes Bank
424008,VISA,CREDIT,,Yes Bank
424009,VISA,CREDIT,,Yes Bank
424010,VISA,CREDIT,,Yes Bank
424011,VISA,CREDIT,,Yes Bank
424012,VISA,CREDIT,,Yes Bank
424013,VISA,CREDIT,,Yes Bank
424014,VISA,CREDIT,,Yes Bank
424015,VISA,CREDIT,,Yes Bank
424016,VISA,CREDIT,,Yes Bank
424017,VISA,CREDIT,,Yes Bank
424018,VISA,CREDIT,,Yes Bank
424019,VISA,CREDIT,,Yes Bank
424020,VISA,CREDIT,,Yes Bank
424021,VISA,CREDIT,,Yes Bank
424022,VISA,CREDIT,,Yes Bank
424023,VISA,CREDIT,,Yes Bank
424024,VISA,CREDIT,,Yes Bank
424025,VISA,CREDIT,,Yes Bank
424026,VISA,CREDIT,,Yes Bank
424027,VISA,CREDIT,,Yes Bank
424028,VISA,CREDIT,,Yes Bank
424029,VISA,CREDIT,,Yes Bank
424030,VISA,CREDIT,,Yes Bank
424031,VISA,CREDIT,,Yes Bank
424032,VISA,CREDIT,,Yes Bank
424033,VISA,CREDIT,,Yes Bank
424034,VISA,CREDIT,,Yes Bank
424035,VISA,CREDIT,,Yes Bank
424036,VISA,CREDIT,,Yes Bank
424037,VISA,CREDIT,,Yes Bank
424038,VISA,CREDIT,,Yes Bank
424039,VISA,CREDIT,,Yes Bank
424040,VISA,CREDIT,,Yes Bank
424041,VISA,CREDIT,,Yes Bank
424042,VISA,CREDIT,,Yes Bank
424043,VISA,CREDIT,,Yes Bank
424044,VISA,CREDIT,,Yes Bank
424045,VISA,CREDIT,,Yes Bank
424046,VISA,CREDIT,,Yes Bank
424047,VISA,CREDIT,,Yes Bank
424048,VISA,CREDIT,,Yes Bank
424049,VISA,CREDIT,,Yes Bank
424050,VISA,CREDIT,,Yes Bank
424051,VISA,CREDIT,,Yes Bank
424052,VISA,CREDIT,,Yes Bank
424053,VISA,CREDIT,,Yes Bank
424054,VISA,CREDIT,,Yes Bank
424055,VISA,CREDIT,,Yes Bank
424056,VISA,CREDIT,,Yes Bank
424057,VISA,CREDIT,,Yes Bank
424058,VISA,CREDIT,,Yes Bank
424059,VISA,CREDIT,,Yes Bank
424060,VISA,CREDIT,,Yes Bank
424061,VISA,CREDIT,,Yes Bank
424062,VISA,CREDIT,,Yes Bank
424063,VISA,CREDIT,,Yes Bank
424064,VISA,CREDIT,,Yes Bank
424065,VISA,CREDIT,,Yes Bank
424066,VISA,CREDIT,,Yes Bank
424067,VISA,CREDIT,,Yes Bank
424068,VISA,CREDIT,,Yes Bank
424069,VISA,CREDIT,,Yes Bank
424070,VISA,CREDIT,,Yes Bank
424071,VISA,CREDIT,,Yes Bank
424072,VISA,CREDIT,,Yes Bank
424073,VISA,CREDIT,,Yes Bank
424074,VISA,CREDIT,,Yes Bank
424075,VISA,CREDIT,,Yes Bank
424076,VISA,CREDIT,,Yes Bank
424077,VISA,CREDIT,,Yes Bank
424078,VISA,CREDIT,,Yes Bank
424079,VISA,CREDIT,,Yes Bank
424080,VISA,CREDIT,,Yes Bank
424081,VISA,CREDIT,,Yes Bank
424082,VISA,CREDIT,,Yes Bank
424083,VISA,CREDIT,,Yes Bank
424084,VISA,CREDIT,,Yes Bank
424085,VISA,CREDIT,,Yes Bank
424086,VISA,CREDIT,,Yes Bank
424087,VISA,CREDIT,,Yes Bank
424088,VISA,CREDIT,,Yes Bank
424089,VISA,CREDIT,,Yes Bank
424090,VISA,CREDIT,,Yes Bank
424091,VISA,CREDIT,,Yes Bank
424092,VISA,CREDIT,,Yes Bank
424093,VISA,CREDIT,,Yes Bank
424094,VISA,CREDIT,,Yes Bank
424095,VISA,CREDIT,,Yes Bank
424096,VISA,CREDIT,,Yes Bank
424097,VISA,CREDIT,,Yes Bank
424098,VISA,CREDIT,,Yes Bank
424099,VISA,CREDIT,,Yes Bank
424202,VISA,CREDIT,,Yes Bank
424203,VISA,CREDIT,,Yes Bank
424209,VISA,CREDIT,,Yes Bank
424220,VISA,CREDIT,,Yes Bank
424221,VISA,CREDIT,,Yes Bank
424246,VISA,CREDIT,,Yes Bank
424272,VISA,CREDIT,,Yes Bank
424273,VISA,CREDIT,,Yes Bank
424287,VISA,CREDIT,,Yes Bank
424288,VISA,CREDIT,,Yes Bank
424292,VISA,CREDIT,,Yes Bank
424293,VISA,CREDIT,,Yes Bank
424294,VISA,CREDIT,,Yes Bank
424295,VISA,CREDIT,,Yes Bank
424296,VISA,CREDIT,,Yes Bank
424297,VISA,CREDIT,,Yes Bank
424298,VISA,CREDIT,,Yes Bank
424299,VISA,CREDIT,,Yes Bank
424300,VISA,CREDIT,,Yes Bank
424301,VISA,CREDIT,,Yes Bank
424304,VISA,CREDIT,,Yes Bank
424322,VISA,CREDIT,,Yes Bank
424323,VISA,CREDIT,,Yes Bank
424338,VISA,CREDIT,,Yes Bank
424341,VISA,CREDIT,,Yes Bank
424351,VISA,CREDIT,,Yes Bank
424355,VISA,CREDIT,,Yes Bank
424356,VISA,CREDIT,,Yes Bank
424357,VISA,CREDIT,,Yes Bank
424364,VISA,CREDIT,,Yes Bank
424375,VISA,CREDIT,,Yes Bank
424376,VISA,CREDIT,,Yes Bank
424380,VISA,CREDIT,,Yes Bank
424387,VISA,CREDIT,,Yes Bank
424388,VISA,CREDIT,,Yes Bank
424389,VISA,CREDIT,,Yes Bank
424390,VISA,CREDIT,,Yes Bank
424406,VISA,CREDIT,,Yes Bank
424425,VISA,CREDIT,,Yes Bank
424427,VISA,CREDIT,,Yes Bank
424433,VISA,CREDIT,,Yes Bank
424445,VISA,CREDIT,,Yes Bank
424457,VISA,CREDIT,,Yes Bank
424458,VISA,CREDIT,,Yes Bank
424489,VISA,CREDIT,,Yes Bank
424493,VISA,CREDIT,,Yes Bank
424494,VISA,CREDIT,,
424495,VISA,DEBIT,,Yorkshire Bank
424496,VISA,DEBIT,,Yorkshire Bank
424497,VISA,DEBIT,,Yorkshire Bank
424498,VISA,DEBIT,,
424511,VISA,CREDIT,,Yes Bank
424522,VISA,CREDIT,,Yes Bank
424523,VISA,CREDIT,,Priorbank JSCB
424524,VISA,CREDIT,,VTB Bank (kazakhstan) Subsidiary Joint Stock Company
424525,VISA,CREDIT,,Scotiabank Sud Americano
424526,VISA,CREDIT,,Yes Bank
424527,VISA,CREDIT,,Yes Bank
424528,VISA,CREDIT,,Yes Bank
424529,VISA,CREDIT,,Visa Colombia
424530,VISA,CREDIT,,Yes Bank
424531,VISA,CREDIT,,Yes Bank
424532,VISA,CREDIT,,Yes Bank
424533,VISA,DEBIT,,Bancorpsouth Bank
424545,VISA,CREDIT,,
424546,VISA,DEBIT,,
424556,VISA,CREDIT,,Yes Bank
424560,VISA,DEBIT,,
424569,VISA,CREDIT,,
424570,VISA,DEBIT,,
424571,VISA,CREDIT,,
424572,VISA,DEBIT,,
424574,VISA,DEBIT,,
424578,VISA,CREDIT,,Yes Bank
424579,VISA,CREDIT,,
424580,VISA,CREDIT,,Yes Bank
424581,VISA,CREDIT,,Yes Bank
424582,VISA,CREDIT,,Yes Bank
424583,VISA,CREDIT,,Yes Bank
424584,VISA,CREDIT,,
424585,VISA,DEBIT,,Wave Crest Holdings
424590,VISA,CREDIT,,Yes Bank
424591,VISA,CREDIT,,Yes Bank
424592,VISA,CREDIT,,Yes Bank
424593,VISA,CREDIT,,Yes Bank
424594,VISA,CREDIT,,Yes Bank
424595,VISA,CREDIT,,Yes Bank
424596,VISA,CREDIT,,Yes Bank
424597,VISA,DEBIT,,Societe Generale De Banques AU Cameroun
424598,VISA,CREDIT,,Yes Bank
424633,VISA,CREDIT,,Yes Bank
424639,VISA,CREDIT,,Yes Bank
424659,VISA,CREDIT,,Yes Bank
424686,VISA,CREDIT,,Yes Bank
424707,VISA,CREDIT,,Yes Bank
424708,VISA,CREDIT,,Yes Bank
424709,VISA,CREDIT,,Yes Bank
424710,VISA,CREDIT,,Yes Bank
424711,VISA,CREDIT,,Yes Bank
424712,VISA,CREDIT,,Yes Bank
424737,VISA,CREDIT,,Yes Bank
424741,VISA,CREDIT,,Yes Bank
424742,VISA,CREDIT,,Yes Bank
424760,VISA,CREDIT,,Yes Bank
424761,VISA,CREDIT,,Yes Bank
424762,VISA,CREDIT,,Yes Bank
424764,VISA,CREDIT,,Yes Bank
424768,VISA,CREDIT,,Yes Bank
424774,VISA,CREDIT,,Yes Bank
424777,VISA,CREDIT,,Yes Bank
424800,VISA,CREDIT,,Yes Bank
424801,VISA,CREDIT,,Yes Bank
424802,VISA,CREDIT,,Yes Bank
424803,VISA,CREDIT,,Yes Bank
424804,VISA,CREDIT,,Yes Bank
424805,VISA,CREDIT,,Yes Bank
424806,VISA,CREDIT,,Yes Bank
424807,VISA,CREDIT,,Yes Bank
424808,VISA,CREDIT,,Yes Bank
424809,VISA,CREDIT,,Yes Bank
424810,VISA,CREDIT,,Yes Bank
424811,VISA,CREDIT,,Yes Bank
424812,VISA,CREDIT,,Yes Bank
424813,VISA,CREDIT,,Yes Bank
424814,VISA,CREDIT,,Yes Bank
424815,VISA,CREDIT,,Yes Bank
424816,VISA,CREDIT,,Yes Bank
424817,VISA,CREDIT,,Yes Bank
424818,VISA,CREDIT,,Yes Bank
424819,VISA,CREDIT,,Yes Bank
424820,VISA,CREDIT,,Yes Bank
424821,VISA,CREDIT,,Yes Bank
424822,VISA,CREDIT,,Yes Bank
424823,VISA,CREDIT,,Yes Bank
424824,VISA,CREDIT,,Yes Bank
424825,VISA,CREDIT,,Yes Bank
424826,VISA,CREDIT,,Yes Bank
424827,VISA,CREDIT,,Yes Bank
424828,VISA,CREDIT,,Yes Bank
424829,VISA,CREDIT,,Yes Bank
424830,VISA,CREDIT,,Yes Bank
424831,VISA,CREDIT,,Yes Bank
424832,VISA,CREDIT,,Yes Bank
424833,VISA,CREDIT,,Yes Bank
424834,VISA,CREDIT,,Yes Bank
424835,VISA,CREDIT,,Yes Bank
424836,VISA,CREDIT,,Yes Bank
424837,VISA,CREDIT,,Yes Bank
424838,VISA,CREDIT,,Yes Bank
424839,VISA,CREDIT,,Yes Bank
424840,VISA,CREDIT,,Yes Bank
424841,VISA,CREDIT,,Yes Bank
424842,VISA,CREDIT,,Yes Bank
424843,VISA,CREDIT,,Yes Bank
424844,VISA,CREDIT,,Yes Bank
424845,VISA,CREDIT,,Yes Bank
424846,VISA,CREDIT,,Yes Bank
424847,VISA,CREDIT,,Yes Bank
424848,VISA,CREDIT,,Yes Bank
424849,VISA,CREDIT,,Yes Bank
424850,VISA,CREDIT,,Yes Bank
424851,VISA,CREDIT,,Yes Bank
424852,VISA,CREDIT,,Yes Bank
424853,VISA,CREDIT,,Yes Bank
424854,VISA,CREDIT,,Yes Bank
424855,VISA,CREDIT,,Yes Bank
424856,VISA,CREDIT,,Yes Bank
424857,VISA,CREDIT,,Yes Bank
424858,VISA,CREDIT,,Yes Bank
424859,VISA,CREDIT,,Yes Bank
424860,VISA,CREDIT,,Yes Bank
424861,VISA,CREDIT,,Yes Bank
424862,VISA,CREDIT,,Yes Bank
424863,VISA,CREDIT,,Yes Bank
424864,VISA,CREDIT,,Yes Bank
424865,VISA,CREDIT,,Yes Bank
424866,VISA,CREDIT,,Yes Bank
424867,VISA,CREDIT,,Yes Bank
424868,VISA,CREDIT,,Yes Bank
424869,VISA,CREDIT,,Yes Bank
424870,VISA,CREDIT,,Yes Bank
424871,VISA,CREDIT,,Yes Bank
424872,VISA,CREDIT,,Yes Bank
424873,VISA,CREDIT,,Yes Bank
424874,VISA,CREDIT,,Yes Bank
424875,VISA,CREDIT,,Yes Bank
424876,VISA,CREDIT,,Yes Bank
424877,VISA,CREDIT,,Yes Bank
424878,VISA,CREDIT,,Yes Bank
424879,VISA,CREDIT,,Yes Bank
424880,VISA,CREDIT,,Yes Bank
424881,VISA,CREDIT,,Yes Bank
424882,VISA,CREDIT,,Yes Bank
424883,VISA,CREDIT,,Yes Bank
424884,VISA,CREDIT,,Yes Bank
424885,VISA,CREDIT,,Yes Bank
424886,VISA,CREDIT,,Yes Bank
424887,VISA,CREDIT,,Yes Bank
424888,VISA,CREDIT,,Yes Bank
424889,VISA,CREDIT,,Yes Bank
424890,VISA,CREDIT,,Yes Bank
424891,VISA,CREDIT,,Yes Bank
424892,VISA,CREDIT,,Yes Bank
424893,VISA,CREDIT,,Yes Bank
424894,VISA,CREDIT,,Yes Bank
424895,VISA,CREDIT,,Yes Bank
424896,VISA,CREDIT,,Yes Bank
424897,VISA,CREDIT,,Yes Bank
424898,VISA,CREDIT,,Yes Bank
424899,VISA,CREDIT,,Yes Bank
424912,VISA,CREDIT,,Yes Bank
424920,VISA,CREDIT,,Yes Bank
424921,VISA,CREDIT,,Yes Bank
424922,VISA,CREDIT,,Yes Bank
424931,VISA,CREDIT,,Ziraat Bankasi
424932,VISA,CREDIT,,Yes Bank
424935,VISA,CREDIT,,Ziraat Bankasi
424937,VISA,CREDIT,,Yes Bank
424942,VISA,CREDIT,,Xy Dnb Nor
424945,VISA,DEBIT,,Yorkshire Bank
424970,VISA,DEBIT,,Vincento Payment Solutions
424977,VISA,CREDIT,,Union Bank of India
424983,VISA,CREDIT,,Yes Bank
424987,VISA,CREDIT,,Yes Bank
424988,VISA,CREDIT,,Yes Bank
424990,VISA,CREDIT,,Yes Bank
424991,VISA,CREDIT,,Yes Bank
424992,VISA,CREDIT,,Yes Bank
424993,VISA,CREDIT,,Yes Bank
424994,VISA,CREDIT,,Yes Bank
424995,VISA,CREDIT,,Yes Bank
424996,VISA,CREDIT,,Yes Bank
424997,VISA,CREDIT,,Yes Bank
424998,VISA,CREDIT,,Yes Bank
424999,VISA,CREDIT,,Yes Bank
425805,VISA,CREDIT,Classic,Union Bank of India
425806,VISA,CREDIT,Premier,Union Bank of India
426015,VISA,CREDIT,,ICICI Bank
426057,VISA,CREDIT,,IDBI Bank
426063,VISA,CREDIT,Classic,Bank Of India
426241,VISA,CREDIT,Classic,Indian Overseas Bank
426242,VISA,CREDIT,,Indian Overseas Bank
426365,VISA,CREDIT,,IDBI Bank
426923,VISA,CREDIT,,Abn Amro Bank
427298,VISA,DEBIT,,Yes Bank
428090,VISA,DEBIT,,Yes Bank
428091,VISA,DEBIT,,Yes Bank
428092,VISA,DEBIT,,Yes Bank
428093,VISA,DEBIT,,Yes Bank
428094,VISA,DEBIT,,Yes Bank
428095,VISA,DEBIT,,Yes Bank
428096,VISA,DEBIT,,Yes Bank
428097,VISA,DEBIT,,Yes Bank
428098,VISA,DEBIT,,Yes Bank
428099,VISA,DEBIT,,Yes Bank
428306,VISA,DEBIT,Classic,Kotak Mahindra Bank
428313,VISA,DEBIT,Classic,Indian Overseas Bank
428320,VISA,DEBIT,Classic,UCO Bank
428348,VISA,DEBIT,Premier,Kotak Mahindra Bank
428376,VISA,DEBIT,Premier,SBI
428377,VISA,CREDIT,,Yes Bank
428382,VISA,DEBIT,Classic,ICICI Bank
428383,VISA,DEBIT,Premier,ICICI Bank
428414,VISA,DEBIT,Platinum,Yes Bank
428479,VISA,CREDIT,Business,Yes Bank
428626,VISA,DEBIT,Business,
428627,VISA,DEBIT,,
428675,VISA,DEBIT,Classic,IDBI Bank
429303,VISA,CREDIT,Premier,Bank of Baroda
429304,VISA,CREDIT,Gold Premium,Bank of Baroda
429344,VISA,CREDIT,Classic,Standard Chartered
429345,VISA,,,Standard Chartered
429390,VISA,CREDIT,Classic,Bank of Baroda
429391,VISA,,,Kotak Mahindra Bank
429393,VISA,DEBIT,Classic,Kotak Mahindra Bank
430366,VISA,DEBIT,Classic,ICICI Bank
430367,VISA,DEBIT,Classic,ICICI Bank
430370,VISA,DEBIT,Classic,ICICI Bank
430371,VISA,DEBIT,Classic,ICICI Bank
430450,VISA,CREDIT,,Indian Bank
430463,VISA,CREDIT,Signature,Citibank
431118,VISA,CREDIT,,Bank Of India
431119,VISA,CREDIT,Premier,Bank Of India
431263,VISA,CREDIT,,Bank of Baroda
431754,VISA,CREDIT,Classic,SBI Card
431757,VISA,CREDIT,Classic,SBI Card
431759,VISA,CREDIT,Gold Premium,SBI Card
431761,VISA,CREDIT,,Axis Bank
431921,VISA,DEBIT,Corporate T&e,Citibank
431922,VISA,DEBIT,Corporate T&e,Citibank
431990,VISA,DEBIT,Corporate T&e,Yes Bank
432090,VISA,DEBIT,,Yes Bank
432093,VISA,DEBIT,,Yes Bank
432094,VISA,DEBIT,,Yes Bank
432098,VISA,DEBIT,,Yes Bank
432099,VISA,DEBIT,,Yes Bank
432198,VISA,DEBIT,Gift,Yes Bank
432199,VISA,DEBIT,Gift,Yes Bank
432707,VISA,CREDIT,,HSBC
432808,VISA,CREDIT,Classic,Indian Bank
432809,VISA,CREDIT,Premier,Indian Bank
432960,VISA,CREDIT,,Standard Chartered
433273,VISA,CREDIT,,HDFC Bank
433274,VISA,CREDIT,,HDFC Bank
433275,VISA,CREDIT,,HDFC Bank
433948,VISA,CREDIT,Premier,Barclays
433950,VISA,CREDIT,Platinum,Barclays
433951,VISA,CREDIT,Classic,Barclays
433973,VISA,CREDIT,,Yes Bank
434071,VISA,CREDIT,Premier,Bank Of India
434081,VISA,CREDIT,,Karur Vysya Bank
434672,VISA,CREDIT,,Axis Bank
434673,VISA,CREDIT,,HDFC Bank
434676,VISA,DEBIT,Classic,HSBC
434677,VISA,CREDIT,Classic,HDFC Bank
434678,VISA,CREDIT,Premier,HDFC Bank
434975,VISA,CREDIT,Classic,Axis Bank
434990,VISA,CREDIT,Business,Axis Bank
435700,VISA,DEBIT,Electron,Punjab National Bank
435708,VISA,DEBIT,Electron,Punjab National Bank
435736,VISA,DEBIT,Classic,Axis Bank
436303,VISA,DEBIT,Platinum,HDFC Bank
436306,VISA,CREDIT,Infinite,HDFC Bank
436311,VISA,DEBIT,Platinum,SBI
436328,VISA,DEBIT,Corporate T&e,Yes Bank
436329,VISA,DEBIT,,Yes Bank
436330,VISA,DEBIT,Corporate T&e,Yes Bank
436331,VISA,DEBIT,,Yes Bank
436333,VISA,DEBIT,Premier,Canara Bank
436336,VISA,DEBIT,Classic,Axis Bank
436359,VISA,DEBIT,Classic,Dhanlaxmi Bank
436360,VISA,DEBIT,Platinum,Dhanlaxmi Bank
436369,VISA,DEBIT,Platinum,Yes Bank
436370,VISA,DEBIT,,Yes Bank
436371,VISA,DEBIT,,Yes Bank
436372,VISA,DEBIT,Business,Yes Bank
436388,VISA,CREDIT,Premier,Yes Bank
436389,VISA,CREDIT,Platinum,Yes Bank
436390,VISA,CREDIT,Corporate T&e,Yes Bank
436393,VISA,DEBIT,Platinum,Yes Bank
436395,VISA,DEBIT,Business,Yes Bank
436408,VISA,DEBIT,Corporate T&e,Yes Bank
436409,VISA,DEBIT,,Yes Bank
436410,VISA,DEBIT,,Yes Bank
436412,VISA,DEBIT,Corporate T&e,Yes Bank
436413,VISA,CREDIT,,Yes Bank
436426,VISA,DEBIT,Classic,Yes Bank
436427,VISA,DEBIT,,Yes Bank
436428,VISA,DEBIT,,Yes Bank
436430,VISA,DEBIT,Classic,Yes Bank
436431,VISA,CREDIT,,Yes Bank
436437,VISA,DEBIT,Classic,Yes Bank
436518,VISA,DEBIT,Classic,Axis Bank
436520,VISA,CREDIT,Business,HDFC Bank
436534,VISA,DEBIT,Signature,Yes Bank
436538,VISA,DEBIT,Classic,Union Bank of India
436543,VISA,DEBIT,Platinum,Yes Bank
436558,VISA,DEBIT,Premier,Yes Bank
436560,VISA,CREDIT,Infinite,Axis Bank
436584,VISA,DEBIT,Corporate T&e,Yes Bank
436585,VISA,DEBIT,,Yes Bank
436595,VISA,DEBIT,Platinum,Yes Bank
436596,VISA,DEBIT,,Yes Bank
437364,VISA,DEBIT,Classic,Union Bank of India
437365,VISA,DEBIT,,Yes Bank
437366,VISA,DEBIT,,Yes Bank
437378,VISA,CREDIT,Platinum,Union Bank of India
437382,VISA,DEBIT,Platinum,Yes Bank
437383,VISA,DEBIT,,Yes Bank
437384,VISA,DEBIT,,Yes Bank
437385,VISA,DEBIT,,Yes Bank
437386,VISA,DEBIT,,Yes Bank
437387,VISA,DEBIT,,Yes Bank
437388,VISA,DEBIT,Classic,Yes Bank
437392,VISA,DEBIT,Platinum,Canara Bank
437400,VISA,DEBIT,Platinum,Yes Bank
437401,VISA,DEBIT,,Yes Bank
437402,VISA,DEBIT,,Yes Bank
437403,VISA,DEBIT,,Yes Bank
437405,VISA,DEBIT,Platinum,
437406,VISA,DEBIT,,
437409,VISA,DEBIT,Platinum,Yes Bank
437410,VISA,DEBIT,Corporate T&e,Kotak Mahindra Bank
437411,VISA,DEBIT,,Yes Bank
437412,VISA,DEBIT,,Yes Bank
437413,VISA,DEBIT,,Yes Bank
437415,VISA,DEBIT,Corporate T&e,Kotak Mahindra Bank
437416,VISA,DEBIT,,Yes Bank
437501,VISA,DEBIT,Classic,South Indian Bank
437502,VISA,DEBIT,Premier,South Indian Bank
437503,VISA,DEBIT,Platinum,South Indian Bank
437515,VISA,DEBIT,,Yes Bank
437532,VISA,DEBIT,Classic,Bank Of India
437546,VISA,CREDIT,Infinite,HDFC Bank
437547,VISA,DEBIT,Classic,Axis Bank
437549,VISA,DEBIT,,Yes Bank
437551,VISA,CREDIT,Platinum,ICICI Bank
437570,VISA,DEBIT,,Yes Bank
437706,VISA,DEBIT,Premier,Yes Bank
437737,VISA,DEBIT,Classic,Barclays
437738,VISA,DEBIT,Platinum,Barclays
437748,VISA,CREDIT,Platinum,SBI Card
437749,VISA,DEBIT,Classic,Yes Bank
437754,VISA,DEBIT,Classic,Union Bank of India
437891,VISA,DEBIT,Classic,Yes Bank
437899,VISA,DEBIT,Classic,Yes Bank
438105,VISA,CREDIT,Classic,SBI Card
438110,VISA,CREDIT,,Canara Bank
438411,VISA,CREDIT,,HSBC
438430,VISA,CREDIT,,HSBC
438431,VISA,CREDIT,,HSBC
438436,VISA,CREDIT,,HSBC
438438,VISA,CREDIT,,HSBC
438439,VISA,CREDIT,,HSBC
438440,VISA,CREDIT,,HSBC
438443,VISA,CREDIT,,HSBC
438446,VISA,CREDIT,,HSBC
438448,VISA,CREDIT,,HSBC
438449,VISA,CREDIT,,HSBC
438455,VISA,CREDIT,,HSBC
438456,VISA,CREDIT,,HSBC
438457,VISA,CREDIT,,HSBC
438458,VISA,CREDIT,,HSBC
438459,VISA,CREDIT,Premier,HSBC
438465,VISA,CREDIT,,HSBC
438468,VISA,CREDIT,,HSBC
438477,VISA,CREDIT,,HSBC
438478,VISA,CREDIT,,HSBC
438479,VISA,CREDIT,,HSBC
438495,VISA,CREDIT,,HSBC
438498,VISA,CREDIT,,HSBC
438587,VISA,CREDIT,Premier,Citibank
438624,VISA,DEBIT,Classic,HDFC Bank
438628,VISA,CREDIT,Platinum,Citibank
439126,VISA,CREDIT,,Standard Chartered
439154,VISA,CREDIT,Classic,Union Bank of India
439155,VISA,CREDIT,Premier,Union Bank of India
439173,VISA,CREDIT,,J&K Bank
441283,VISA,CREDIT,Classic,IndusInd Bank
441284,VISA,CREDIT,Premier,IndusInd Bank
441285,VISA,CREDIT,Platinum,IndusInd Bank
442378,VISA,CREDIT,Gold Premium,Bank of Baroda
442411,VISA,DEBIT,Premier,Yes Bank
442419,VISA,DEBIT,Platinum,Yes Bank
442420,VISA,DEBIT,,Yes Bank
442437,VISA,DEBIT,Classic,DCB Bank
444341,VISA,CREDIT,Classic,ICICI Bank
445041,VISA,DEBIT,Classic,Union Bank of India
445063,VISA,DEBIT,Corporate T&e,Axis Bank
445064,VISA,DEBIT,,Yes Bank
445065,VISA,DEBIT,,Yes Bank
445068,VISA,DEBIT,Electron,Axis Bank
445069,VISA,DEBIT,Electron,Yes Bank
445073,VISA,DEBIT,Premier,Axis Bank
445084,VISA,CREDIT,Corporate T&e,ICICI Bank
445085,VISA,DEBIT,Classic,Yes Bank
445532,VISA,DEBIT,Classic,Yes Bank
445533,VISA,DEBIT,,Yes Bank
445534,VISA,DEBIT,,Yes Bank
445535,VISA,DEBIT,,Yes Bank
447692,VISA,CREDIT,Classic,HSBC
447746,VISA,CREDIT,Classic,ICICI Bank
447747,VISA,CREDIT,Premier,ICICI Bank
447748,VISA,CREDIT,,ICICI Bank
447758,VISA,CREDIT,Classic,ICICI Bank
450106,VISA,CREDIT,,Barclays
450120,VISA,CREDIT,,Barclays
450121,VISA,CREDIT,,Barclays
450122,VISA,CREDIT,,Barclays
450123,VISA,CREDIT,,Barclays
450124,VISA,CREDIT,,Barclays
450125,VISA,CREDIT,,Barclays
450126,VISA,CREDIT,,Barclays
450127,VISA,CREDIT,,Barclays
450128,VISA,CREDIT,,Barclays
450129,VISA,CREDIT,,Barclays
450130,VISA,CREDIT,,Barclays
450131,VISA,CREDIT,,Barclays
450132,VISA,CREDIT,,Barclays
450133,VISA,CREDIT,,Barclays
450134,VISA,CREDIT,,Barclays
450135,VISA,CREDIT,,Barclays
450136,VISA,CREDIT,,Barclays
450137,VISA,CREDIT,,Barclays
450138,VISA,CREDIT,,Barclays
450139,VISA,CREDIT,,Barclays
450140,VISA,CREDIT,,Barclays
450141,VISA,CREDIT,,Barclays
450142,VISA,CREDIT,,Barclays
450143,VISA,CREDIT,,Barclays
450144,VISA,CREDIT,,Barclays
450145,VISA,CREDIT,,Barclays
450146,VISA,CREDIT,,Barclays
450147,VISA,CREDIT,,Barclays
450148,VISA,CREDIT,,Barclays
450149,VISA,CREDIT,,Barclays
450150,VISA,CREDIT,,Barclays
450151,VISA,CREDIT,,Barclays
450153,VISA,CREDIT,,Barclays
450154,VISA,CREDIT,,Barclays
450155,VISA,CREDIT,,Barclays
450156,VISA,CREDIT,,Barclays
450157,VISA,CREDIT,,Barclays
450158,VISA,CREDIT,,Barclays
450159,VISA,CREDIT,,Barclays
450160,VISA,CREDIT,,Barclays
450161,VISA,CREDIT,,Barclays
450162,VISA,CREDIT,,Barclays
450163,VISA,CREDIT,,Barclays
450164,VISA,CREDIT,,Barclays
450165,VISA,CREDIT,,Barclays
450166,VISA,CREDIT,,Barclays
450167,VISA,CREDIT,,Barclays
450168,VISA,CREDIT,,Barclays
450169,VISA,CREDIT,,Barclays
450170,VISA,CREDIT,,Barclays
450171,VISA,CREDIT,,Barclays
450172,VISA,CREDIT,,Barclays
450173,VISA,CREDIT,,Barclays
450174,VISA,CREDIT,,Barclays
450175,VISA,CREDIT,,Barclays
450176,VISA,CREDIT,,Barclays
450177,VISA,CREDIT,,Barclays
450178,VISA,CREDIT,,Barclays
450179,VISA,CREDIT,,Barclays
450182,VISA,CREDIT,,Barclays
450186,VISA,CREDIT,,Barclays
450187,VISA,CREDIT,,Barclays
450188,VISA,CREDIT,,Barclays
450189,VISA,CREDIT,,Barclays
450190,VISA,CREDIT,,Barclays
450191,VISA,CREDIT,,Barclays
450192,VISA,CREDIT,,Barclays
450193,VISA,CREDIT,,Barclays
450194,VISA,CREDIT,,Barclays
450478,VISA,CREDIT,,Yes Bank
450502,VISA,CREDIT,,Yes Bank
450503,VISA,CREDIT,,Yes Bank
450504,VISA,CREDIT,,Yes Bank
450506,VISA,CREDIT,,Yes Bank
450523,VISA,CREDIT,,Yes Bank
450527,VISA,CREDIT,,Yes Bank
450572,VISA,CREDIT,,Standard Chartered
450623,VISA,CREDIT,Classic,Union Bank of India
450720,VISA,CREDIT,,Bank Of America N.t. And
450721,VISA,CREDIT,,Bank Of America N.t. And
450900,VISA,CREDIT,Business,Citibank
451104,VISA,CREDIT,,Yes Bank
451150,VISA,CREDIT,Classic,Union Bank of India
451452,VISA,CREDIT,Platinum,Yes Bank
451455,VISA,CREDIT,Platinum,Yes Bank
451456,VISA,CREDIT,Platinum,Yes Bank
451457,VISA,CREDIT,Platinum,Yes Bank
451458,VISA,CREDIT,Platinum,Yes Bank
451459,VISA,CREDIT,Platinum,Yes Bank
451460,VISA,CREDIT,Platinum,Yes Bank
451469,VISA,CREDIT,,Punjab National Bank
451487,VISA,CREDIT,,Bank Of India
451840,VISA,CREDIT,Business,Canara Bank
452055,VISA,DEBIT,,Yes Bank
452059,VISA,CREDIT,Classic,Yes Bank
452497,VISA,CREDIT,,Standard Chartered
453757,VISA,CREDIT,,Yes Bank
453992,VISA,CREDIT,Premier,Union Bank of India
453995,VISA,CREDIT,Gold Premium,Union Bank of India
454107,VISA,DEBIT,,Standard Chartered
454180,VISA,DEBIT,,Standard Chartered
454181,VISA,DEBIT,,Standard Chartered
454198,VISA,CREDIT,Platinum,Standard Chartered
454362,VISA,CREDIT,Classic,Canara Bank
454363,VISA,CREDIT,Classic,Canara Bank
454485,VISA,CREDIT,Classic,Central Bank Of India
455038,VISA,CREDIT,Classic,Citibank
455390,VISA,CREDIT,Corporate T&e,Citibank
455446,VISA,DEBIT,Platinum,ICICI Bank
455451,VISA,DEBIT,Platinum,ICICI Bank
455452,VISA,DEBIT,Classic,ICICI Bank
455454,VISA,DEBIT,Classic,SBI
456342,VISA,CREDIT,Classic,HSBC
456398,VISA,CREDIT,Classic,Standard Chartered
456407,VISA,CREDIT,Business,Citibank
456719,VISA,CREDIT,Premier,HSBC
456822,VISA,CREDIT,Classic,Citibank
457036,VISA,CREDIT,Business,Standard Chartered
457262,VISA,CREDIT,Signature Business,HDFC Bank
457274,VISA,DEBIT,Platinum,ICICI Bank
457323,VISA,DEBIT,Classic,Yes Bank
457355,VISA,DEBIT,Classic,Yes Bank
457357,VISA,DEBIT,,Yes Bank
457392,VISA,DEBIT,Classic,Yes Bank
457474,VISA,DEBIT,Business,Yes Bank
457486,VISA,DEBIT,Premier,Yes Bank
457487,VISA,DEBIT,Signature,Yes Bank
457488,VISA,DEBIT,Platinum,Yes Bank
457500,VISA,DEBIT,Signature,DBS Bank
457514,VISA,DEBIT,,Yes Bank
457528,VISA,DEBIT,,Yes Bank
457552,VISA,DEBIT,,Yes Bank
457553,VISA,CREDIT,,Yes Bank
457580,VISA,DEBIT,,Yes Bank
457581,VISA,DEBIT,,Yes Bank
457582,VISA,DEBIT,,Yes Bank
457583,VISA,DEBIT,,Yes Bank
457584,VISA,DEBIT,,Yes Bank
457585,VISA,DEBIT,,Yes Bank
457586,VISA,DEBIT,,Yes Bank
457587,VISA,DEBIT,,Yes Bank
457588,VISA,DEBIT,,Yes Bank
457589,VISA,DEBIT,,Yes Bank
457590,VISA,DEBIT,,Yes Bank
457597,VISA,DEBIT,,Yes Bank
457623,VISA,CREDIT,,Yes Bank
457624,VISA,DEBIT,,Yes Bank
457625,VISA,DEBIT,,Yes Bank
457626,VISA,DEBIT,,Yes Bank
457704,VISA,CREDIT,,Yes Bank
457741,VISA,DEBIT,,Yes Bank
457742,VISA,DEBIT,,Yes Bank
457743,VISA,DEBIT,,Yes Bank
458104,VISA,DEBIT,Classic,IDBI Bank
458105,VISA,DEBIT,Classic,Tarjetas BCT
458110,VISA,DEBIT,Classic,IDBI Bank
458112,VISA,DEBIT,Classic,IDBI Bank
458118,VISA,DEBIT,Platinum,IDBI Bank
458134,VISA,DEBIT,Classic,IDBI Bank
458135,VISA,DEBIT,Classic,IDBI Bank
458136,VISA,DEBIT,Classic,IDBI Bank
458139,VISA,DEBIT,Classic,IDBI Bank
458140,VISA,DEBIT,Classic,IDBI Bank
458159,VISA,DEBIT,Classic,IDBI Bank
458451,VISA,DEBIT,Classic,Union Bank of India
458452,VISA,DEBIT,Premier,Union Bank of India
458545,VISA,DEBIT,Platinum,Yes Bank
458546,VISA,DEBIT,,Yes Bank
458576,VISA,CREDIT,,Union Bank of India
458585,VISA,CREDIT,,Central Bank Of India
458599,VISA,CREDIT,,Axis Bank
458777,VISA,DEBIT,Classic,IDBI Bank
458778,VISA,DEBIT,Premier,IDBI Bank
459150,VISA,DEBIT,Classic,Yes Bank
459151,VISA,DEBIT,,Yes Bank
459152,VISA,DEBIT,Premier,Yes Bank
459153,VISA,DEBIT,Platinum,Yes Bank
459154,VISA,DEBIT,Premier,SBI
459155,VISA,DEBIT,Premier,Yes Bank
459156,VISA,DEBIT,,Yes Bank
459157,VISA,DEBIT,,Yes Bank
459158,VISA,DEBIT,,Yes Bank
459159,VISA,DEBIT,,Yes Bank
459160,VISA,DEBIT,,Yes Bank
459161,VISA,DEBIT,,Yes Bank
459162,VISA,DEBIT,,Yes Bank
459163,VISA,DEBIT,,Yes Bank
459164,VISA,DEBIT,,Yes Bank
459165,VISA,DEBIT,,Yes Bank
459166,VISA,DEBIT,,Yes Bank
459167,VISA,DEBIT,,Yes Bank
459168,VISA,DEBIT,,Yes Bank
459169,VISA,DEBIT,,Yes Bank
459170,VISA,DEBIT,,Yes Bank
459171,VISA,DEBIT,,Yes Bank
459172,VISA,DEBIT,,Yes Bank
459173,VISA,DEBIT,,Yes Bank
459174,VISA,DEBIT,,Yes Bank
459175,VISA,DEBIT,,Yes Bank
459176,VISA,DEBIT,,Yes Bank
459177,VISA,DEBIT,,Yes Bank
459178,VISA,DEBIT,,Yes Bank
459179,VISA,DEBIT,,Yes Bank
459180,VISA,DEBIT,,Yes Bank
459181,VISA,DEBIT,Premier,Yes Bank
459182,VISA,DEBIT,,Yes Bank
459183,VISA,DEBIT,,Yes Bank
459184,VISA,DEBIT,,Yes Bank
459185,VISA,CREDIT,,Yes Bank
459186,VISA,DEBIT,,Yes Bank
459187,VISA,DEBIT,,Yes Bank
459188,VISA,CREDIT,,Yes Bank
459189,VISA,DEBIT,,Yes Bank
459200,VISA,DEBIT,,Yes Bank
459201,VISA,DEBIT,,Yes Bank
459202,VISA,DEBIT,,Yes Bank
459203,VISA,DEBIT,,Yes Bank
459204,VISA,DEBIT,,Yes Bank
459205,VISA,DEBIT,,Yes Bank
459557,VISA,DEBIT,Signature,Yes Bank
459815,VISA,DEBIT,,Yes Bank
459816,VISA,DEBIT,,Yes Bank
459845,VISA,DEBIT,,Yes Bank
459890,VISA,CREDIT,,Yes Bank
461111,VISA,DEBIT,Platinum,HDFC Bank
461112,VISA,DEBIT,,Yes Bank
461113,VISA,DEBIT,,Yes Bank
461116,VISA,CREDIT,Platinum,Axis Bank
461117,VISA,CREDIT,Premier,Axis Bank
461118,VISA,CREDIT,Signature,Axis Bank
461133,VISA,CREDIT,,Yes Bank
461134,VISA,DEBIT,Business,Yes Bank
461148,VISA,DEBIT,Classic,Bank of Baroda
461701,VISA,CREDIT,,Yes Bank
461704,VISA,CREDIT,Classic,HSBC
461707,VISA,CREDIT,Classic,Yes Bank
461708,VISA,CREDIT,,Yes Bank
461709,VISA,CREDIT,Signature,Yes Bank
461714,VISA,CREDIT,Premier,Yes Bank
461715,VISA,CREDIT,Business,Yes Bank
461716,VISA,CREDIT,Platinum,Yes Bank
461721,VISA,CREDIT,Platinum,Yes Bank
461722,VISA,CREDIT,,Yes Bank
461730,VISA,DEBIT,Classic,Dhanlaxmi Bank
461732,VISA,DEBIT,Platinum,Yes Bank
461749,VISA,CREDIT,Corporate T&e,ICICI Bank
461759,VISA,CREDIT,,Yes Bank
461786,VISA,CREDIT,Platinum,HDFC Bank
461787,VISA,CREDIT,Signature,HDFC Bank
461796,VISA,CREDIT,Premier,Yes Bank
461797,VISA,CREDIT,,Yes Bank
461928,VISA,DEBIT,Classic,JPMorgan Chase
461933,VISA,DEBIT,Classic,City Union Bank
461934,VISA,DEBIT,Premier,City Union Bank
461940,VISA,CREDIT,Corporate T&e,Canara Bank
461991,VISA,DEBIT,Corporate T&e,Axis Bank
461992,VISA,DEBIT,,Yes Bank
461999,VISA,DEBIT,Premier,Karnataka Bank
462242,VISA,CREDIT,Premier,Central Bank Of India
462243,VISA,CREDIT,Platinum,Central Bank Of India
462244,VISA,DEBIT,Classic,Central Bank Of India
462264,VISA,DEBIT,Classic,Canara Bank
462269,VISA,DEBIT,Platinum,Yes Bank
462270,VISA,DEBIT,,Yes Bank
462271,VISA,CREDIT,Platinum,Standard Chartered
462272,VISA,DEBIT,Platinum,Yes Bank
462273,VISA,CREDIT,Platinum,Yes Bank
462409,VISA,CREDIT,Business,Yes Bank
462411,VISA,DEBIT,,Yes Bank
462412,VISA,DEBIT,,Yes Bank
462413,VISA,DEBIT,,Yes Bank
462415,VISA,DEBIT,,Yes Bank
462477,VISA,CREDIT,,Yes Bank
462488,VISA,DEBIT,,Yes Bank
462490,VISA,CREDIT,,Yes Bank
462491,VISA,CREDIT,,Yes Bank
462494,VISA,DEBIT,,Yes Bank
462495,VISA,DEBIT,,Yes Bank
462750,VISA,DEBIT,Travel Money,Interpayment Services
462846,VISA,CREDIT,Classic,Yes Bank
462847,VISA,CREDIT,Premier,Yes Bank
462848,VISA,CREDIT,Platinum,Yes Bank
462851,VISA,DEBIT,Business,Karur Vysya Bank
462858,VISA,DEBIT,Corporate T&e,Axis Bank
462859,VISA,DEBIT,,Yes Bank
462860,VISA,DEBIT,,Yes Bank
462861,VISA,DEBIT,,Yes Bank
462862,VISA,DEBIT,,Yes Bank
462863,VISA,DEBIT,,Yes Bank
462864,VISA,DEBIT,,Yes Bank
462865,VISA,DEBIT,,Yes Bank
462866,VISA,DEBIT,,Yes Bank
462904,VISA,DEBIT,Business,ICICI Bank
462952,VISA,DEBIT,Corporate T&e,ICICI Bank
462963,VISA,CREDIT,Classic,Union Bank of India
462986,VISA,CREDIT,Platinum,ICICI Bank
462994,VISA,CREDIT,Platinum,Yes Bank
462996,VISA,DEBIT,Corporate T&e,Yes Bank
462999,VISA,DEBIT,Classic,ICICI Bank
463216,VISA,DEBIT,,Yes Bank
463217,VISA,DEBIT,,Yes Bank
463228,VISA,CREDIT,,Yes Bank
463237,VISA,DEBIT,,Yes Bank
463238,VISA,DEBIT,,Yes Bank
463665,VISA,DEBIT,Platinum,Standard Chartered
463733,VISA,DEBIT,Classic,Union Bank of India
463786,VISA,DEBIT,Classic,SBI
463787,VISA,CREDIT,Business,IndusInd Bank
463795,VISA,DEBIT,Classic,Yes Bank
463908,VISA,CREDIT,,Standard Chartered
463920,VISA,CREDIT,Classic,Bank of Baroda
463921,VISA,CREDIT,Premier,Bank of Baroda
464558,VISA,CREDIT,Corporate T&e,Yes Bank
464559,VISA,DEBIT,Premier,Yes Bank
464560,VISA,CREDIT,,Yes Bank
464561,VISA,CREDIT,,Yes Bank
464958,VISA,CREDIT,Corporate T&e,Yes Bank
464963,VISA,DEBIT,Classic,Karnataka Bank
464970,VISA,DEBIT,Classic,ICICI Bank
464978,VISA,CREDIT,Corporate T&e,Yes Bank
466059,VISA,DEBIT,Classic,IDBI Bank
466256,VISA,DEBIT,Business,DBS Bank
466257,VISA,DEBIT,Business,DBS Bank
466517,VISA,DEBIT,,Yes Bank
466518,VISA,DEBIT,,Yes Bank
466519,VISA,DEBIT,,Yes Bank
466520,VISA,DEBIT,,Yes Bank
466521,VISA,DEBIT,,Yes Bank
466535,VISA,DEBIT,Classic,Yes Bank
466545,VISA,DEBIT,,Yes Bank
466546,VISA,DEBIT,,Yes Bank
466547,VISA,DEBIT,,Yes Bank
466567,VISA,DEBIT,,Yes Bank
466592,VISA,DEBIT,,Yes Bank
466593,VISA,DEBIT,,Yes Bank
466594,VISA,DEBIT,,Yes Bank
466595,VISA,CREDIT,,Yes Bank
466597,VISA,CREDIT,,Yes Bank
466704,VISA,DEBIT,Classic,ICICI Bank
466706,VISA,DEBIT,Classic,ICICI Bank
466730,VISA,DEBIT,Classic,ICICI Bank
466731,VISA,DEBIT,Classic,ICICI Bank
467029,VISA,CREDIT,,Yes Bank
467030,VISA,CREDIT,,Yes Bank
467031,VISA,CREDIT,,Yes Bank
467190,VISA,CREDIT,Premier,HSBC
467191,VISA,CREDIT,Classic,HSBC
467741,VISA,CREDIT,Corporate T&e,HDFC Bank
467742,VISA,CREDIT,,Yes Bank
467878,VISA,DEBIT,Classic,DCB Bank
467879,VISA,DEBIT,,First Usa Bank
467880,VISA,DEBIT,,First Usa Bank
467881,VISA,DEBIT,,First Usa Bank
467882,VISA,CREDIT,,First Usa Bank
467937,VISA,DEBIT,Classic,DBS Bank
467967,VISA,DEBIT,Corporate T&e,Yes Bank
467968,VISA,DEBIT,,Yes Bank
468545,VISA,DEBIT,,Yes Bank
468556,VISA,DEBIT,Business,Yes Bank
468557,VISA,DEBIT,,Yes Bank
468560,VISA,DEBIT,Classic,Yes Bank
468742,VISA,CREDIT,,Yes Bank
468743,VISA,CREDIT,,Yes Bank
468772,VISA,CREDIT,,Yes Bank
468799,VISA,DEBIT,,Yes Bank
468805,VISA,DEBIT,Electron,Axis Bank
468817,VISA,DEBIT,Electron,Union Bank of India
468822,VISA,DEBIT,Electron,IDBI Bank
468943,VISA,CREDIT,,Asociacion La Nacional De Ahorros Y Prestamos
469330,VISA,DEBIT,Platinum,
469353,VISA,DEBIT,Business,
469375,VISA,DEBIT,Platinum,
469386,VISA,DEBIT,Corporate T&e,IDBI Bank
469387,VISA,DEBIT,,
469388,VISA,DEBIT,,
469568,VISA,DEBIT,Electron,Bank of Baroda
469583,VISA,CREDIT,,Standard Chartered
469643,VISA,DEBIT,Signature,Yes Bank
469644,VISA,DEBIT,Classic,Yes Bank
469645,VISA,DEBIT,Business,Kotak Mahindra Bank
469646,VISA,DEBIT,,Yes Bank
470003,VISA,,,
470006,VISA,,,
470039,VISA,,,
470042,VISA,,,
470053,VISA,,,
470061,VISA,,,
470062,VISA,,,
470063,VISA,,,
470064,VISA,,,
470065,VISA,,,
470066,VISA,,,
470067,VISA,,,
470068,VISA,,,
470069,VISA,,,
470070,VISA,,,
470071,VISA,,,
470072,VISA,,,
470073,VISA,,,
470074,VISA,,,
470075,VISA,,,
470076,VISA,,,
470077,VISA,,,
470078,VISA,,,
470079,VISA,,,
470080,VISA,,,
470081,VISA,,,
470082,VISA,,,
470083,VISA,,,
470084,VISA,,,
470085,VISA,,,
470086,VISA,,,
470087,VISA,,,
470088,VISA,,,
470089,VISA,,,
470090,VISA,,,
470154,VISA,,,
470163,VISA,,,
470164,VISA,,,
470170,VISA,,,
470171,VISA,,,
470172,VISA,,,
470173,VISA,,,
470174,VISA,,,
470175,VISA,,,
470176,VISA,,,
470177,VISA,,,
470178,VISA,,,
470179,VISA,,,
470180,VISA,,,
470181,VISA,,,
470185,VISA,,,
470192,VISA,,,
470194,VISA,,,
470196,VISA,,,
470197,VISA,,,
470201,VISA,,,
470202,VISA,,,
470203,VISA,,,
470204,VISA,,,
470205,VISA,,,
470206,VISA,,,
470207,VISA,,,
470208,VISA,,,
470209,VISA,,,
470210,VISA,,,
470211,VISA,,,
470212,VISA,,,
470213,VISA,,,
470214,VISA,,,
470215,VISA,,,
470216,VISA,,,
470217,VISA,,,
470218,VISA,,,
470219,VISA,,,
470220,VISA,,,
470221,VISA,,,
470222,VISA,,,
470223,VISA,,,
470224,VISA,,,
470225,VISA,,,
470226,VISA,,,
470227,VISA,,,
470228,VISA,,,
470229,VISA,,,
470230,VISA,,,
470231,VISA,,,
470232,VISA,,,
470233,VISA,,,
470234,VISA,,,
470235,VISA,,,
470236,VISA,,,
470237,VISA,,,
470238,VISA,,,
470239,VISA,,,
470240,VISA,,,
470241,VISA,,,
470242,VISA,,,
470243,VISA,,,
470244,VISA,,,
470245,VISA,,,
470246,VISA,,,
470247,VISA,,,
470248,VISA,,,
470249,VISA,,,
470250,VISA,,,
470251,VISA,,,
470252,VISA,,,
470253,VISA,,,
470254,VISA,,,
470255,VISA,,,
470256,VISA,,,
470257,VISA,,,
470258,VISA,,,
470259,VISA,,,
470260,VISA,,,
470261,VISA,,,
470262,VISA,,,
470263,VISA,,,
470264,VISA,,,
470265,VISA,,,
470266,VISA,,,
470267,VISA,,,
470268,VISA,,,
470269,VISA,,,
470270,VISA,,,
470271,VISA,,,
470272,VISA,,,
470273,VISA,,,
470274,VISA,,,
470275,VISA,,,
470276,VISA,,,
470277,VISA,,,
470278,VISA,,,
470279,VISA,,,
470280,VISA,,,
470281,VISA,,,
470282,VISA,,,
470283,VISA,,,
470284,VISA,,,
470285,VISA,,,
470286,VISA,,,
470287,VISA,,,
470288,VISA,,,
470289,VISA,,,
470290,VISA,,,
470291,VISA,,,
470292,VISA,,,
470293,VISA,,,
470294,VISA,,,
470295,VISA,,,
470296,VISA,,,
470297,VISA,,,
470298,VISA,,,
470299,VISA,,,
470332,VISA,,,
470333,VISA,,,
470334,VISA,,,
470335,VISA,,,
470337,VISA,,,
470338,VISA,,,
470339,VISA,,,
470340,VISA,,,
470341,VISA,CREDIT,,Yes Bank
470344,VISA,CREDIT,,Yes Bank
470345,VISA,CREDIT,,Yes Bank
470348,VISA,CREDIT,,Yes Bank
470349,VISA,CREDIT,,Yes Bank
470353,VISA,CREDIT,,Yes Bank
470354,VISA,CREDIT,,Yes Bank
470355,VISA,CREDIT,,Yes Bank
470359,VISA,CREDIT,,Yes Bank
470362,VISA,CREDIT,,Yes Bank
470364,VISA,CREDIT,,Yes Bank
470366,VISA,CREDIT,,Yes Bank
470367,VISA,CREDIT,,Yes Bank
470368,VISA,CREDIT,,Yes Bank
470369,VISA,CREDIT,,Yes Bank
470370,VISA,CREDIT,,Yes Bank
470371,VISA,CREDIT,,Yes Bank
470380,VISA,DEBIT,,VTB Bank (armenia) Cjsc
470381,VISA,CREDIT,,Yes Bank
470382,VISA,CREDIT,,Yes Bank
470383,VISA,CREDIT,,Yes Bank
470386,VISA,CREDIT,,Yes Bank
470387,VISA,CREDIT,,Yes Bank
470388,VISA,CREDIT,,Yes Bank
470389,VISA,CREDIT,,Yes Bank
470390,VISA,CREDIT,,Yes Bank
470391,VISA,CREDIT,,Yes Bank
470392,VISA,CREDIT,,Yes Bank
470393,VISA,CREDIT,,Yes Bank
470396,VISA,CREDIT,,Yes Bank
470397,VISA,CREDIT,,Yes Bank
470398,VISA,CREDIT,,Yes Bank
470400,VISA,CREDIT,,Yes Bank
470427,VISA,CREDIT,,Yes Bank
470428,VISA,CREDIT,,Yes Bank
470431,VISA,CREDIT,,Yes Bank
470436,VISA,CREDIT,,Yes Bank
470441,VISA,CREDIT,Classic,Yes Bank
470444,VISA,CREDIT,,Yes Bank
470447,VISA,CREDIT,,Yes Bank
470450,VISA,CREDIT,,Yes Bank
470453,VISA,CREDIT,,Yes Bank
470454,VISA,CREDIT,,Yes Bank
470456,VISA,DEBIT,Platinum,Yes Bank
470457,VISA,CREDIT,,Yes Bank
470458,VISA,CREDIT,,Yes Bank
470459,VISA,CREDIT,,Yes Bank
470461,VISA,CREDIT,,Yes Bank
470462,VISA,CREDIT,,Yes Bank
470463,VISA,CREDIT,,Yes Bank
470464,VISA,CREDIT,,Yes Bank
470470,VISA,CREDIT,,Yes Bank
470471,VISA,CREDIT,,Yes Bank
470472,VISA,CREDIT,,Yes Bank
470473,VISA,CREDIT,,Yes Bank
470474,VISA,DEBIT,,UT Bank
470475,VISA,CREDIT,,Yes Bank
470476,VISA,CREDIT,,Yes Bank
470477,VISA,CREDIT,,Yes Bank
470479,VISA,CREDIT,,Yes Bank
470480,VISA,CREDIT,,Yes Bank
470481,VISA,CREDIT,,Yes Bank
470482,VISA,CREDIT,,Yes Bank
470483,VISA,CREDIT,,Yes Bank
470485,VISA,CREDIT,,Yes Bank
470486,VISA,CREDIT,,Yes Bank
470487,VISA,CREDIT,,Yes Bank
470488,VISA,CREDIT,,Yes Bank
470490,VISA,CREDIT,,Yes Bank
470491,VISA,CREDIT,,Yes Bank
470492,VISA,CREDIT,,Yes Bank
470493,VISA,CREDIT,,Yes Bank
470494,VISA,CREDIT,,Yes Bank
470495,VISA,CREDIT,,Yes Bank
470496,VISA,CREDIT,,Yes Bank
470528,VISA,CREDIT,,Yes Bank
470533,VISA,CREDIT,,Yes Bank
470535,VISA,CREDIT,,Yes Bank
470536,VISA,CREDIT,,Yes Bank
470537,VISA,CREDIT,,Yes Bank
470539,VISA,CREDIT,,
470540,VISA,CREDIT,,
470541,VISA,CREDIT,,
470545,VISA,CREDIT,,Yes Bank
470546,VISA,CREDIT,,Yes Bank
470555,VISA,CREDIT,,Yes Bank
470557,VISA,CREDIT,,Yes Bank
470559,VISA,CREDIT,,Yes Bank
470560,VISA,CREDIT,,Yes Bank
470561,VISA,CREDIT,,Yes Bank
470562,VISA,CREDIT,,Yes Bank
470566,VISA,CREDIT,,Yes Bank
470567,VISA,CREDIT,,Yes Bank
470569,VISA,CREDIT,,Yes Bank
470571,VISA,CREDIT,,Yes Bank
470573,VISA,CREDIT,Platinum,ICICI Bank
470574,VISA,CREDIT,,Yes Bank
470575,VISA,CREDIT,,Yes Bank
470576,VISA,CREDIT,,Yes Bank
470577,VISA,CREDIT,,Yes Bank
470589,VISA,DEBIT,Business,ICICI Bank
470590,VISA,CREDIT,,Yes Bank
470591,VISA,CREDIT,,Yes Bank
470594,VISA,CREDIT,,Yes Bank
470595,VISA,CREDIT,,Yes Bank
470596,VISA,CREDIT,,Yes Bank
470597,VISA,CREDIT,,Yes Bank
470600,VISA,CREDIT,,Yes Bank
470601,VISA,CREDIT,,Yes Bank
470604,VISA,CREDIT,,Yes Bank
470605,VISA,CREDIT,,Yes Bank
470606,VISA,CREDIT,,Wing Hang Bank
470607,VISA,CREDIT,,Yes Bank
470610,VISA,CREDIT,,Yes Bank
470611,VISA,CREDIT,,Yes Bank
470612,VISA,CREDIT,,Yes Bank
470613,VISA,DEBIT,Platinum,Kotak Mahindra Bank
470614,VISA,DEBIT,,Yes Bank
470615,VISA,CREDIT,,Yes Bank
470619,VISA,CREDIT,,Yes Bank
470622,VISA,CREDIT,,Yes Bank
470623,VISA,CREDIT,,Yes Bank
470632,VISA,CREDIT,,Yes Bank
470633,VISA,CREDIT,,Yes Bank
470634,VISA,CREDIT,,Yes Bank
470635,VISA,CREDIT,,Yes Bank
470636,VISA,CREDIT,,Yes Bank
470638,VISA,CREDIT,,Yes Bank
470641,VISA,CREDIT,,Yes Bank
470643,VISA,CREDIT,,Yes Bank
470650,VISA,CREDIT,,Yes Bank
470656,VISA,CREDIT,,Yes Bank
470657,VISA,CREDIT,,Yes Bank
470658,VISA,CREDIT,,Yes Bank
470659,VISA,CREDIT,,National Bank Of Greece
470660,VISA,CREDIT,,Yes Bank
470663,VISA,CREDIT,,Yes Bank
470664,VISA,CREDIT,,Yes Bank
470666,VISA,CREDIT,,Yes Bank
470667,VISA,CREDIT,,Yes Bank
470668,VISA,CREDIT,,Yes Bank
470669,VISA,CREDIT,,Yes Bank
470671,VISA,CREDIT,,Yes Bank
470672,VISA,CREDIT,,Yes Bank
470682,VISA,CREDIT,,Yes Bank
470683,VISA,CREDIT,,Yes Bank
470684,VISA,CREDIT,,Yes Bank
470685,VISA,CREDIT,,Yes Bank
470689,VISA,CREDIT,,Yes Bank
470697,VISA,CREDIT,,Yes Bank
470730,VISA,CREDIT,,Yes Bank
470767,VISA,CREDIT,,Yes Bank
470770,VISA,CREDIT,,Yes Bank
470771,VISA,CREDIT,,Yes Bank
470772,VISA,CREDIT,,Yes Bank
470822,VISA,CREDIT,,Yes Bank
470823,VISA,CREDIT,,Yamagin Credit Co
470843,VISA,DEBIT,,Yamagin Credit Co
470845,VISA,CREDIT,,Yes Bank
470848,VISA,CREDIT,,Yes Bank
470849,VISA,CREDIT,,Yes Bank
470855,VISA,CREDIT,,Yes Bank
470856,VISA,CREDIT,,Yes Bank
470857,VISA,CREDIT,,Yes Bank
470859,VISA,CREDIT,,Yamagin Credit Co
470862,VISA,CREDIT,,Yamagin Credit Co
470866,VISA,CREDIT,,Yes Bank
470867,VISA,CREDIT,,Yes Bank
470869,VISA,CREDIT,,Yes Bank
470870,VISA,CREDIT,,Yes Bank
470871,VISA,CREDIT,,Yes Bank
470872,VISA,CREDIT,,Yes Bank
470873,VISA,CREDIT,,Yes Bank
470874,VISA,CREDIT,,Yamagin Credit Co
470878,VISA,CREDIT,,Yes Bank
470879,VISA,CREDIT,,Yamagin Credit Co
470880,VISA,CREDIT,,Yes Bank
470881,VISA,CREDIT,,Yes Bank
470883,VISA,CREDIT,,Yes Bank
470885,VISA,CREDIT,,Yes Bank
470886,VISA,CREDIT,,Yes Bank
470887,VISA,CREDIT,,Yes Bank
470888,VISA,CREDIT,,Yes Bank
470889,VISA,CREDIT,,Yes Bank
470900,VISA,DEBIT,,Yes Bank
470901,VISA,DEBIT,,Yes Bank
470902,VISA,DEBIT,,Yes Bank
470903,VISA,DEBIT,,Yes Bank
470904,VISA,DEBIT,,Yes Bank
470905,VISA,DEBIT,,Yes Bank
470906,VISA,DEBIT,,Yes Bank
470907,VISA,DEBIT,,Yes Bank
470908,VISA,CREDIT,,Yes Bank
470909,VISA,CREDIT,,Yes Bank
470910,VISA,DEBIT,,Zuno Bank
470911,VISA,DEBIT,,Zuno Bank
470912,VISA,DEBIT,,Zuno Bank
470913,VISA,DEBIT,,United Overseas Bank Philippines
470914,VISA,CREDIT,,Yes Bank
470915,VISA,DEBIT,,Yes Bank
470917,VISA,CREDIT,,Visalux S.c
470918,VISA,CREDIT,,Visalux S.c
470919,VISA,CREDIT,,Visalux S.c
470920,VISA,DEBIT,,HSBC
470921,VISA,CREDIT,,Yes Bank
470923,VISA,CREDIT,,Yes Bank
470924,VISA,CREDIT,,Yes Bank
470930,VISA,CREDIT,,Yes Bank
470931,VISA,CREDIT,,Yes Bank
470932,VISA,CREDIT,,Yes Bank
470933,VISA,CREDIT,,Yes Bank
470934,VISA,CREDIT,,Yes Bank
470935,VISA,CREDIT,,Yes Bank
470936,VISA,DEBIT,,Yes Bank
470937,VISA,DEBIT,,Yes Bank
470938,VISA,DEBIT,,Yes Bank
470939,VISA,DEBIT,,Yes Bank
470940,VISA,DEBIT,,Union Baltic Bank In Ventspils
470941,VISA,CREDIT,,Tai Fung Bank
470942,VISA,,,
470943,VISA,,,
470944,VISA,,,
470945,VISA,,,
470946,VISA,,,
470949,VISA,,,
470950,VISA,,,
470951,VISA,,,
470952,VISA,,,
470953,VISA,,,
470954,VISA,,,
470955,VISA,,,
470956,VISA,,,
470957,VISA,,,
470958,VISA,,,
470959,VISA,,,
470960,VISA,,,
470961,VISA,,,
470962,VISA,,,
470963,VISA,,,
470964,VISA,,,
470966,VISA,,,
470967,VISA,,,
470968,VISA,,,
470969,VISA,,,
470970,VISA,,,
470971,VISA,,,
470972,VISA,,,
470973,VISA,,,
470974,VISA,,,
470975,VISA,,,
470976,VISA,,,
470977,VISA,,,
470978,VISA,,,
470979,VISA,,,
470980,VISA,,,
470981,VISA,,,
470982,VISA,,,
470983,VISA,,,
470984,VISA,,,
470985,VISA,,,
470986,VISA,,,
470987,VISA,,,
470988,VISA,,,
470989,VISA,,,
470990,VISA,,,
470991,VISA,,,
470992,VISA,,,
470993,VISA,,,
470994,VISA,,,
470995,VISA,,,
470996,VISA,,,
470997,VISA,,,
470998,VISA,,,
470999,VISA,,,
471267,VISA,,,
471268,VISA,,,
471288,VISA,,,
471289,VISA,,,
471860,VISA,CREDIT,Platinum,Axis Bank
471861,VISA,CREDIT,Premier,Axis Bank
471862,VISA,CREDIT,,Yes Bank
471863,VISA,CREDIT,Classic,Axis Bank
471864,VISA,CREDIT,Corporate T&e,Axis Bank
471865,VISA,CREDIT,,Yes Bank
472255,VISA,DEBIT,,Yes Bank
472256,VISA,DEBIT,,Yes Bank
472257,VISA,DEBIT,,Yes Bank
472258,VISA,DEBIT,,Yes Bank
472259,VISA,DEBIT,,Yes Bank
472262,VISA,DEBIT,,Yes Bank
472326,VISA,DEBIT,Prepaid,Interpayment Services
472614,VISA,CREDIT,Classic,Yes Bank
472638,VISA,CREDIT,Classic,Yes Bank
472642,VISA,CREDIT,Classic,Yes Bank
472643,VISA,CREDIT,Classic,Yes Bank
472645,VISA,CREDIT,Classic,Yes Bank
472652,VISA,CREDIT,Classic,Yes Bank
472655,VISA,CREDIT,Classic,Yes Bank
472680,VISA,CREDIT,Classic,Yes Bank
472803,VISA,CREDIT,,HDFC Bank
472810,VISA,CREDIT,,HDFC Bank
473106,VISA,DEBIT,Corporate T&e,ICICI Bank
473107,VISA,DEBIT,Classic,ICICI Bank
473108,VISA,DEBIT,Classic,ICICI Bank
473115,VISA,DEBIT,Corporate T&e,ICICI Bank
473133,VISA,DEBIT,Corporate T&e,ICICI Bank
473134,VISA,DEBIT,Classic,ICICI Bank
473136,VISA,DEBIT,Business,ICICI Bank
473148,VISA,DEBIT,Business,ICICI Bank
473176,VISA,DEBIT,Corporate T&e,ICICI Bank
473177,VISA,DEBIT,Business,ICICI Bank
473195,VISA,DEBIT,Electron,ICICI Bank
473196,VISA,DEBIT,Classic,ICICI Bank
474816,VISA,DEBIT,Prepaid - Classic,SBI
474833,VISA,CREDIT,,Yes Bank
474846,VISA,CREDIT,Platinum,ICICI Bank
474847,VISA,CREDIT,Infinite,ICICI Bank
474849,VISA,DEBIT,Classic,Woori Bank
474850,VISA,DEBIT,Gold,Woori Bank
474851,VISA,DEBIT,Business,Woori Bank
474856,VISA,DEBIT,Classic,Axis Bank
474865,VISA,DEBIT,Prepaid,HDFC Bank
476136,VISA,CREDIT,Classic,Yes Bank
476137,VISA,CREDIT,Classic,Yes Bank
476338,VISA,DEBIT,Classic,Standard Chartered
476641,VISA,DEBIT,Prepaid - Platinum,HDFC Bank
476643,VISA,DEBIT,,Yes Bank
476646,VISA,DEBIT,Prepaid,HDFC Bank
476654,VISA,DEBIT,Classic,ICICI Bank
476655,VISA,DEBIT,Gold,Indian Overseas Bank
476657,VISA,DEBIT,Prepaid - Corporate T&e,HDFC Bank
476658,VISA,DEBIT,Classic,HDFC Bank
476659,VISA,DEBIT,Platinum,Indian Overseas Bank
476660,VISA,DEBIT,Signature,Indian Overseas Bank
477035,VISA,CREDIT,,Yes Bank
477036,VISA,CREDIT,,Yes Bank
477037,VISA,DEBIT,,Yes Bank
477369,VISA,CREDIT,,Dhanlaxmi Bank
477394,VISA,CREDIT,,ICICI Bank
478074,VISA,DEBIT,,Yes Bank
478075,VISA,DEBIT,,Yes Bank
478086,VISA,CREDIT,,Yes Bank
478087,VISA,CREDIT,,Yes Bank
478893,VISA,DEBIT,Premier,Kotak Mahindra Bank
478910,VISA,CREDIT,Premier,Bank of Baroda
478949,VISA,,,IndusInd Bank
479829,VISA,CREDIT,Classic,HDFC Bank
479830,VISA,CREDIT,Gold Premium,HDFC Bank
480414,VISA,CREDIT,Purchasing,Yes Bank
480475,VISA,DEBIT,Purchasing,Yes Bank
480855,VISA,CREDIT,Purchasing,ICICI Bank
483540,VISA,DEBIT,Platinum,Yes Bank
483541,VISA,DEBIT,Classic,CSB Bank
483555,VISA,DEBIT,Classic,DCB Bank
483580,VISA,DEBIT,Classic,Yes Bank
483581,VISA,DEBIT,Premier,Yes Bank
483595,VISA,CREDIT,,Yes Bank
483599,VISA,CREDIT,,Yes Bank
483742,VISA,DEBIT,Platinum,Indian Bank
483744,VISA,DEBIT,Prepaid - Classic,Bank of Baroda
483745,VISA,DEBIT,Classic,Abhyudaya Co-operative Bank
483746,VISA,DEBIT,Platinum,Abhyudaya Co-operative Bank
483748,VISA,DEBIT,Prepaid,City Union Bank
483749,VISA,DEBIT,Prepaid,City Union Bank
483779,VISA,DEBIT,Gold,Indian Bank
484069,VISA,DEBIT,Signature,Kotak Mahindra Bank
484070,VISA,DEBIT,Infinite,Kotak Mahindra Bank
484762,VISA,DEBIT,Premier,Yes Bank
484763,VISA,DEBIT,Platinum,Yes Bank
484798,VISA,DEBIT,Infinite,Yes Bank
484843,VISA,DEBIT,Platinum,Yes Bank
484844,VISA,DEBIT,,Yes Bank
485443,VISA,DEBIT,Platinum,Axis Bank
485444,VISA,DEBIT,,Yes Bank
485445,VISA,DEBIT,,Yes Bank
485446,VISA,DEBIT,Platinum,HDFC Bank
485468,VISA,DEBIT,Platinum,Bank of Baroda
485498,VISA,CREDIT,Signature,HDFC Bank
485499,VISA,DEBIT,,Yes Bank
485905,VISA,CREDIT,Purchasing,Yes Bank
486149,VISA,CREDIT,,Union Bank of India
486269,VISA,CREDIT,Platinum,HSBC
486272,VISA,CREDIT,Classic,Canara Bank
486292,VISA,DEBIT,Classic,Axis Bank
486293,VISA,CREDIT,Premier,Canara Bank
486333,VISA,DEBIT,Classic,Bank of Baroda
486337,VISA,DEBIT,Classic,Yes Bank
486351,VISA,DEBIT,Platinum,Yes Bank
486368,VISA,DEBIT,Prepaid,RBL Bank
486369,VISA,DEBIT,Classic,RBL Bank
486370,VISA,DEBIT,Classic,Yes Bank
486376,VISA,DEBIT,Classic,Dhanlaxmi Bank
486377,VISA,DEBIT,,Yes Bank
486378,VISA,DEBIT,Classic,Dhanlaxmi Bank
486409,VISA,CREDIT,Corporate T&e,ICICI Bank
486410,VISA,CREDIT,Corporate T&e,ICICI Bank
486461,VISA,CREDIT,Corporate T&e,SBI Card
486536,VISA,CREDIT,Purchasing,ICICI Bank
486575,VISA,CREDIT,Purchasing,HDFC Bank
486586,VISA,CREDIT,Purchasing,Axis Bank
486602,VISA,CREDIT,,Yes Bank
486630,VISA,,,
488904,VISA,DEBIT,Platinum,Yes Bank
488932,VISA,DEBIT,Platinum,Canara Bank
488939,VISA,DEBIT,Premier,Yes Bank
488994,VISA,CREDIT,Corporate T&e,HDFC Bank
489021,VISA,DEBIT,Classic,Yes Bank
489051,VISA,DEBIT,Premier,Dhanlaxmi Bank
489083,VISA,DEBIT,Premier,Union Bank of India
489084,VISA,DEBIT,Platinum,Union Bank of India
489376,VISA,CREDIT,Signature,HDFC Bank
489377,VISA,CREDIT,Platinum,HDFC Bank
489604,VISA,DEBIT,Classic,Kotak Mahindra Bank
489664,VISA,DEBIT,Electron,IndusInd Bank
489668,VISA,CREDIT,,Kotak Mahindra Bank
489782,VISA,CREDIT,,HDFC Bank
490222,VISA,DEBIT,Electron,Axis Bank
490223,VISA,DEBIT,Electron,Axis Bank
490235,VISA,CREDIT,,Standard Chartered
490246,VISA,DEBIT,Classic,HDFC Bank
490247,VISA,CREDIT,Business,ICICI Bank
490254,VISA,DEBIT,Electron,Axis Bank
490269,VISA,CREDIT,,Axis Bank
490280,VISA,DEBIT,Premier,Union Bank of India
490900,VISA,CREDIT,Classic,HSBC
491817,VISA,CREDIT,Premier,Canara Bank
492140,VISA,CREDIT,Classic,Bank of Baroda
492459,VISA,CREDIT,,Karnataka Bank
493714,VISA,CREDIT,Gold Premium,Citibank
493826,VISA,CREDIT,Corporate T&e,Bank of Baroda
493827,VISA,CREDIT,Classic,Bank of Baroda
494076,VISA,CREDIT,Classic,Standard Chartered
494077,VISA,CREDIT,Premier,Standard Chartered
494367,VISA,CREDIT,,Union Bank of India
498701,ATM,DEBIT,Atm Only,
498726,ATM,DEBIT,Atm Only,Yes Bank
498759,ATM,DEBIT,Atm Only,Yes Bank
498792,ATM,DEBIT,Atm Only,Yes Bank
502165,MAESTRO,DEBIT,,Yes Bank
510128,MASTERCARD,CREDIT,Gold,SBI Card
510135,MASTERCARD,CREDIT,Gold,SBI Card
510401,MASTERCARD,DEBIT,,
510402,MASTERCARD,DEBIT,,
510404,MASTERCARD,DEBIT,,
510405,MASTERCARD,DEBIT,,
510406,MASTERCARD,CREDIT,,Union Internationale De Banques (uib)
510407,MASTERCARD,DEBIT,,
510408,MASTERCARD,DEBIT,,
510409,MASTERCARD,CREDIT,,Union Internationale De Banques (uib)
510416,MASTERCARD,DEBIT,,
510418,MASTERCARD,DEBIT,,
510419,MASTERCARD,DEBIT,,
510420,MASTERCARD,DEBIT,,
510421,MASTERCARD,CREDIT,,Bank of Baroda
510423,MASTERCARD,DEBIT,,
510425,MASTERCARD,DEBIT,,
510427,MASTERCARD,DEBIT,,
510430,MASTERCARD,DEBIT,,
510431,MASTERCARD,DEBIT,,
510434,MASTERCARD,CREDIT,,IDBI Bank
510437,MASTERCARD,DEBIT,,
510439,MASTERCARD,DEBIT,,
510441,MASTERCARD,DEBIT,,
510448,MASTERCARD,CREDIT,,Central Bank Of India
510452,MASTERCARD,DEBIT,,
510455,MASTERCARD,DEBIT,,
510460,MASTERCARD,DEBIT,Prepaid,Citibank
510463,MASTERCARD,DEBIT,,United Bank
510475,MASTERCARD,CREDIT,,Westpac Banking Corporation
510477,MASTERCARD,DEBIT,,VTB Bank Ojsc
510478,MASTERCARD,DEBIT,,
510480,MASTERCARD,CREDIT,,Punjab National Bank
510485,MASTERCARD,DEBIT,,
510486,MASTERCARD,DEBIT,,
510488,MASTERCARD,DEBIT,,
510489,MASTERCARD,DEBIT,,
510490,MASTERCARD,DEBIT,,
510492,MASTERCARD,DEBIT,,
510493,MASTERCARD,DEBIT,,
510495,MASTERCARD,CREDIT,,Zheldorbank Jsb
510500,MASTERCARD,DEBIT,,
510517,MASTERCARD,CREDIT,,Axis Bank
510538,MASTERCARD,CREDIT,,J&K Bank
510557,MASTERCARD,DEBIT,Standard,Yes Bank
510820,MASTERCARD,DEBIT,Standard,Yes Bank
511665,MASTERCARD,DEBIT,Prepaid,HDFC Bank
511666,MASTERCARD,CREDIT,Prepaid - Business,HDFC Bank
511870,MASTERCARD,CREDIT,Standard,Axis Bank
511872,MASTERCARD,DEBIT,Prepaid,Axis Bank
511878,MASTERCARD,CREDIT,Standard,SBI
512042,MASTERCARD,CREDIT,Platinum,HSBC
512121,MASTERCARD,CREDIT,,Standard Chartered
512260,MASTERCARD,CREDIT,,Axis Bank
512358,MASTERCARD,CREDIT,,J&K Bank
512384,MASTERCARD,CREDIT,Gold,Bank of Baroda
512622,MASTERCARD,CREDIT,,SBI Card
512652,MASTERCARD,CREDIT,Standard,Punjab National Bank
512967,MASTERCARD,DEBIT,Platinum,HDFC Bank
512968,MASTERCARD,DEBIT,,
512971,MASTERCARD,DEBIT,Platinum,Canara Bank
513094,MASTERCARD,,,HSBC
513347,MASTERCARD,CREDIT,Standard,Yes Bank
514260,MASTERCARD,DEBIT,Standard,Commonwealth Bank Of Australia
514831,MASTERCARD,CREDIT,Business,Yes Bank
514833,MASTERCARD,CREDIT,Business,Axis Bank
514834,MASTERCARD,CREDIT,Business,HDFC Bank
514837,MASTERCARD,CREDIT,Business,Union Bank of India
514840,MASTERCARD,CREDIT,Business,Bank Of India
515566,MASTERCARD,DEBIT,Platinum,Citibank
515748,MASTERCARD,CREDIT,,Yes Bank
515875,MASTERCARD,CREDIT,Platinum,J&K Bank
516068,MASTERCARD,CREDIT,Standard,IndusInd Bank
516472,MASTERCARD,DEBIT,,Yes Bank
517550,MASTERCARD,DEBIT,Platinum,Yes Bank
517574,MASTERCARD,DEBIT,Platinum,Yes Bank
517635,MASTERCARD,CREDIT,Standard,HDFC Bank
517637,MASTERCARD,CREDIT,Standard,ICICI Bank
517652,MASTERCARD,CREDIT,Gold,HDFC Bank
517653,MASTERCARD,CREDIT,Gold,ICICI Bank
517700,MASTERCARD,CREDIT,,Citibank
517719,MASTERCARD,CREDIT,Standard,ICICI Bank
517755,MASTERCARD,CREDIT,Gold,HSBC
517782,MASTERCARD,CREDIT,,HSBC
517797,MASTERCARD,CREDIT,,HSBC
517798,MASTERCARD,CREDIT,,HSBC
517804,MASTERCARD,CREDIT,,BNP Paribas
517819,MASTERCARD,CREDIT,,BNP Paribas
517899,MASTERCARD,DEBIT,Gold,Yes Bank
518192,MASTERCARD,CREDIT,,J&K Bank
518732,MASTERCARD,CREDIT,,Bank of Baroda
518936,MASTERCARD,CREDIT,Platinum,Citibank
519065,MASTERCARD,CREDIT,Business,Canara Bank
519253,MASTERCARD,DEBIT,,Yes Bank
519254,MASTERCARD,DEBIT,,Yes Bank
519255,MASTERCARD,DEBIT,,Yes Bank
519256,MASTERCARD,DEBIT,,Yes Bank
519518,MASTERCARD,DEBIT,Prepaid,Punjab National Bank
519522,MASTERCARD,DEBIT,Prepaid,ICICI Bank
519537,MASTERCARD,DEBIT,Prepaid,ICICI Bank
519608,MASTERCARD,DEBIT,,Yes Bank
519609,MASTERCARD,DEBIT,,
519617,MASTERCARD,DEBIT,Standard,Punjab National Bank
519619,MASTERCARD,DEBIT,Standard,Yes Bank
519620,MASTERCARD,DEBIT,,Yes Bank
519622,MASTERCARD,DEBIT,Standard,Bank Of India
519760,MASTERCARD,CREDIT,,Yes Bank
519826,MASTERCARD,DEBIT,,
519831,MASTERCARD,DEBIT,,Yes Bank
519860,MASTERCARD,DEBIT,,Yes Bank
519883,MASTERCARD,DEBIT,,Yes Bank
519900,MASTERCARD,DEBIT,,
520386,MASTERCARD,CREDIT,Platinum,Citibank
520897,MASTERCARD,CREDIT,,Canara Bank
521074,MASTERCARD,DEBIT,Standard,Punjab National Bank
521075,MASTERCARD,DEBIT,Standard,Union Bank of India
521086,MASTERCARD,DEBIT,Standard,Bank of Baroda
521106,MASTERCARD,DEBIT,,Yes Bank
521107,MASTERCARD,DEBIT,,Yes Bank
521108,MASTERCARD,DEBIT,,Yes Bank
521109,MASTERCARD,DEBIT,,Yes Bank
521110,MASTERCARD,DEBIT,,Yes Bank
521111,MASTERCARD,DEBIT,,Yes Bank
521112,MASTERCARD,DEBIT,,Yes Bank
521113,MASTERCARD,DEBIT,,Yes Bank
521114,MASTERCARD,DEBIT,,Yes Bank
521115,MASTERCARD,DEBIT,,Yes Bank
521143,MASTERCARD,DEBIT,Prepaid,ICICI Bank
521163,MASTERCARD,DEBIT,Standard,IDBI Bank
521782,MASTERCARD,DEBIT,,Yes Bank
521947,MASTERCARD,CREDIT,,Yes Bank
521953,MASTERCARD,CREDIT,,Yes Bank
521978,MASTERCARD,DEBIT,,Yes Bank
522306,MASTERCARD,DEBIT,,Yes Bank
522310,MASTERCARD,CREDIT,,Yes Bank
522346,MASTERCARD,CREDIT,,Yes Bank
522352,MASTERCARD,CREDIT,,Yes Bank
522358,MASTERCARD,CREDIT,,Yes Bank
522669,MASTERCARD,DEBIT,,Yes Bank
522852,MASTERCARD,CREDIT,,Yes Bank
522892,MASTERCARD,CREDIT,,
523116,MASTERCARD,DEBIT,Standard,Yes Bank
523157,MASTERCARD,DEBIT,Prepaid,Federal Bank
523165,MASTERCARD,DEBIT,Standard,Yes Bank
523166,MASTERCARD,DEBIT,Standard,Yes Bank
523429,MASTERCARD,CREDIT,,Yes Bank
523937,MASTERCARD,CREDIT,,Deutsche Bank
523950,MASTERCARD,CREDIT,Platinum,Royal Bank Of Scotland
523951,MASTERCARD,CREDIT,Platinum,ICICI Bank
523988,MASTERCARD,CREDIT,Platinum,Standard Chartered
523990,MASTERCARD,CREDIT,Platinum,Standard Chartered
524098,MASTERCARD,CREDIT,Gold,J&K Bank
524111,MASTERCARD,CREDIT,Platinum,HDFC Bank
524133,MASTERCARD,CREDIT,Platinum,Citibank
524162,MASTERCARD,CREDIT,Platinum,Central Bank Of India
524178,MASTERCARD,CREDIT,Platinum,Axis Bank
524181,MASTERCARD,CREDIT,,Yes Bank
524182,MASTERCARD,CREDIT,Platinum,SBI Card
524193,MASTERCARD,CREDIT,Platinum,ICICI Bank
524216,MASTERCARD,CREDIT,Platinum,HDFC Bank
524240,MASTERCARD,CREDIT,Platinum,Axis Bank
524247,MASTERCARD,CREDIT,Platinum,SBI Card
524253,MASTERCARD,CREDIT,,Yes Bank
524254,MASTERCARD,DEBIT,,Yes Bank
524317,MASTERCARD,CREDIT,Platinum,SBI Card
524368,MASTERCARD,CREDIT,Platinum,HDFC Bank
524373,MASTERCARD,CREDIT,Platinum,Royal Bank Of Scotland
524376,MASTERCARD,CREDIT,Platinum,ICICI Bank
524446,MASTERCARD,DEBIT,,Yes Bank
524498,MASTERCARD,CREDIT,,Yes Bank
524499,MASTERCARD,CREDIT,,Yes Bank
524508,MASTERCARD,CREDIT,,Yes Bank
524512,MASTERCARD,CREDIT,,Yes Bank
524598,MASTERCARD,CREDIT,,Yes Bank
524610,MASTERCARD,CREDIT,,Yes Bank
524877,MASTERCARD,CREDIT,Standard,HDFC Bank
524931,MASTERCARD,CREDIT,,Yes Bank
525442,MASTERCARD,CREDIT,,Tapiola Pankki Oy
525760,MASTERCARD,CREDIT,,HDFC Bank
525996,MASTERCARD,CREDIT,,ICICI Bank
526419,MASTERCARD,DEBIT,Standard,HDFC Bank
526421,MASTERCARD,DEBIT,Prepaid,Citibank
526468,MASTERCARD,CREDIT,Standard,SBI Card
526495,MASTERCARD,CREDIT,Standard,Bank Of India
526701,MASTERCARD,CREDIT,Standard,Axis Bank
526702,MASTERCARD,CREDIT,Standard,Yes Bank
526715,MASTERCARD,DEBIT,Prepaid,HDFC Bank
526718,MASTERCARD,DEBIT,Prepaid,Axis Bank
526730,MASTERCARD,DEBIT,Prepaid,Axis Bank
526731,MASTERCARD,DEBIT,,Axis Bank
526732,MASTERCARD,DEBIT,,Axis Bank
526733,MASTERCARD,DEBIT,,Axis Bank
526734,MASTERCARD,DEBIT,,Axis Bank
526834,MASTERCARD,CREDIT,Gold,Yes Bank
526861,MASTERCARD,CREDIT,Gold,IndusInd Bank
526905,MASTERCARD,DEBIT,,Yes Bank
526908,MASTERCARD,DEBIT,,Yes Bank
527019,MASTERCARD,CREDIT,,Yes Bank
527386,MASTERCARD,CREDIT,,Yes Bank
527672,MASTERCARD,CREDIT,,Yes Bank
527687,MASTERCARD,DEBIT,,Yes Bank
527692,MASTERCARD,DEBIT,,Yes Bank
527759,MASTERCARD,CREDIT,,Yes Bank
528095,MASTERCARD,CREDIT,Standard,SBI
528571,MASTERCARD,CREDIT,,Yes Bank
528677,MASTERCARD,DEBIT,,Yes Bank
528678,MASTERCARD,DEBIT,,Yes Bank
528756,MASTERCARD,DEBIT,Gold,Standard Chartered
528882,MASTERCARD,DEBIT,,
528887,MASTERCARD,DEBIT,,Yes Bank
528945,MASTERCARD,CREDIT,Platinum,HDFC Bank
529117,MASTERCARD,CREDIT,Platinum,Citibank
529131,MASTERCARD,CREDIT,Gold,Canara Bank
529185,MASTERCARD,CREDIT,,Yes Bank
529186,MASTERCARD,CREDIT,,Yes Bank
529321,MASTERCARD,CREDIT,,Standard Chartered
529372,MASTERCARD,CREDIT,Business,ICICI Bank
529374,MASTERCARD,CREDIT,Business,ICICI Bank
529375,MASTERCARD,DEBIT,,Yes Bank
529376,MASTERCARD,DEBIT,,Yes Bank
529495,MASTERCARD,CREDIT,,Citibank
529552,MASTERCARD,DEBIT,Prepaid,IDBI Bank
529557,MASTERCARD,CREDIT,,Yes Bank
529608,MASTERCARD,CREDIT,,Yes Bank
529615,MASTERCARD,DEBIT,,Yes Bank
529616,MASTERCARD,CREDIT,,Yes Bank
529617,MASTERCARD,DEBIT,,Yes Bank
529618,MASTERCARD,CREDIT,,Yes Bank
529621,MASTERCARD,DEBIT,,Yes Bank
529870,MASTERCARD,DEBIT,,Yes Bank
529971,MASTERCARD,DEBIT,Prepaid,ICICI Bank
529972,MASTERCARD,DEBIT,Prepaid,ICICI Bank
529973,MASTERCARD,DEBIT,Prepaid,ICICI Bank
530151,MASTERCARD,CREDIT,,Bank Of Punjab
530483,MASTERCARD,DEBIT,Prepaid,Citibank
530488,MASTERCARD,DEBIT,Prepaid,Citibank
530504,MASTERCARD,DEBIT,Prepaid,Citibank
530508,MASTERCARD,DEBIT,Prepaid,Citibank
530557,MASTERCARD,DEBIT,Prepaid,Yes Bank
530559,MASTERCARD,CREDIT,Gold,Yes Bank
530562,MASTERCARD,CREDIT,,Yes Bank
531091,MASTERCARD,DEBIT,,Yes Bank
531662,MASTERCARD,CREDIT,Platinum,Citibank
531804,MASTERCARD,DEBIT,Standard,ICICI Bank
531820,MASTERCARD,CREDIT,Standard,Royal Bank Of Scotland
531831,MASTERCARD,DEBIT,Standard,HDFC Bank
532662,MASTERCARD,DEBIT,Platinum,Citibank
532663,MASTERCARD,DEBIT,,Yes Bank
532666,MASTERCARD,DEBIT,Platinum,ICICI Bank
532673,MASTERCARD,DEBIT,Platinum,Standard Chartered
532676,MASTERCARD,DEBIT,Platinum,HDFC Bank
532700,MASTERCARD,DEBIT,Platinum,Royal Bank Of Scotland
532702,MASTERCARD,DEBIT,Platinum,Axis Bank
532711,MASTERCARD,DEBIT,Platinum,Federal Bank
532718,MASTERCARD,DEBIT,Platinum,ICICI Bank
532728,MASTERCARD,DEBIT,Platinum,Standard Chartered
532729,MASTERCARD,DEBIT,Platinum,ICICI Bank
532731,MASTERCARD,DEBIT,Platinum,Axis Bank
532734,MASTERCARD,DEBIT,Platinum,Axis Bank
532960,MASTERCARD,CREDIT,Corporate,Citibank
532961,MASTERCARD,CREDIT,Corporate,HDFC Bank
532973,MASTERCARD,CREDIT,Corporate,HDFC Bank
533102,MASTERCARD,DEBIT,World Debit Embossed,Axis Bank
533112,MASTERCARD,DEBIT,World Debit Embossed,ICICI Bank
533121,MASTERCARD,DEBIT,,Yes Bank
533134,MASTERCARD,DEBIT,,Yes Bank
533135,MASTERCARD,DEBIT,,Yes Bank
533136,MASTERCARD,DEBIT,,Yes Bank
533310,MASTERCARD,DEBIT,Prepaid,
533601,MASTERCARD,DEBIT,Prepaid,Yes Bank
533714,MASTERCARD,CREDIT,,Yes Bank
533744,MASTERCARD,CREDIT,,Yes Bank
533890,MASTERCARD,DEBIT,Prepaid,Citibank
533905,MASTERCARD,DEBIT,Prepaid,Citibank
533930,MASTERCARD,DEBIT,Prepaid,Punjab National Bank
533931,MASTERCARD,DEBIT,,Yes Bank
533932,MASTERCARD,DEBIT,,Yes Bank
533983,MASTERCARD,DEBIT,Prepaid,Yes Bank
534044,MASTERCARD,CREDIT,Business,ICICI Bank
534131,MASTERCARD,DEBIT,,Yes Bank
534145,MASTERCARD,DEBIT,,
534238,MASTERCARD,DEBIT,Prepaid,Central Bank Of India
534327,MASTERCARD,DEBIT,,Yes Bank
534330,MASTERCARD,DEBIT,,Yes Bank
534332,MASTERCARD,DEBIT,,Yes Bank
534334,MASTERCARD,DEBIT,,Yes Bank
534337,MASTERCARD,DEBIT,,Yes Bank
534340,MASTERCARD,DEBIT,,Yes Bank
535930,MASTERCARD,CREDIT,Standard,SBI
535931,MASTERCARD,DEBIT,Prepaid,Standard Chartered
535932,MASTERCARD,DEBIT,,Yes Bank
535933,MASTERCARD,DEBIT,,Yes Bank
535934,MASTERCARD,CREDIT,Standard,Standard Chartered
535938,MASTERCARD,CREDIT,Standard,Indian Bank
535960,MASTERCARD,DEBIT,Standard,ICICI Bank
535985,MASTERCARD,DEBIT,,Yes Bank
536016,MASTERCARD,DEBIT,,Yes Bank
536017,MASTERCARD,DEBIT,,Yes Bank
536019,MASTERCARD,DEBIT,,Yes Bank
536593,MASTERCARD,DEBIT,Prepaid,Punjab National Bank
537903,MASTERCARD,CREDIT,,Yes Bank
537904,MASTERCARD,CREDIT,,Yes Bank
537905,MASTERCARD,CREDIT,,Yes Bank
537906,MASTERCARD,CREDIT,,Yes Bank
537907,MASTERCARD,CREDIT,,Yes Bank
537908,MASTERCARD,CREDIT,,Yes Bank
537909,MASTERCARD,CREDIT,,Yes Bank
537910,MASTERCARD,CREDIT,,Yes Bank
537911,MASTERCARD,CREDIT,,Yes Bank
537912,MASTERCARD,CREDIT,,Yes Bank
537913,MASTERCARD,CREDIT,,Yes Bank
538426,MASTERCARD,DEBIT,,Yes Bank
538830,MASTERCARD,CREDIT,Gold,HSBC
539998,MASTERCARD,DEBIT,Standard,ICICI Bank
540021,MASTERCARD,CREDIT,,Bank Of India
540082,MASTERCARD,CREDIT,Gold,Bank of Baroda
540128,MASTERCARD,CREDIT,,Central Bank Of India
540165,MASTERCARD,CREDIT,,Citibank
540175,MASTERCARD,CREDIT,,Citibank
540259,MASTERCARD,CREDIT,Gold,HSBC
540282,MASTERCARD,CREDIT,,ICICI Bank
540303,MASTERCARD,CREDIT,,Bank of Baroda
540460,MASTERCARD,CREDIT,,Standard Chartered
540461,MASTERCARD,CREDIT,,Standard Chartered
540529,MASTERCARD,CREDIT,Corporate Purchasing,ICICI Bank
540531,MASTERCARD,CREDIT,Corporate Purchasing,Citibank
540536,MASTERCARD,CREDIT,Corporate Purchasing,Yes Bank
540626,MASTERCARD,CREDIT,,Bank Of India
540711,MASTERCARD,CREDIT,Gold,Standard Chartered
540763,MASTERCARD,DEBIT,,Yes Bank
541089,MASTERCARD,CREDIT,Gold,HSBC
541174,MASTERCARD,CREDIT,,Bank Of India
541175,MASTERCARD,CREDIT,Gold,Bank Of India
541445,MASTERCARD,CREDIT,,Central Bank Of India
541497,MASTERCARD,CREDIT,Gold,Citibank
541538,MASTERCARD,CREDIT,Standard,Royal Bank Of Scotland
542034,MASTERCARD,CREDIT,,Bank Of India
542086,MASTERCARD,CREDIT,,Union Bank of India
542176,MASTERCARD,CREDIT,,Bank of Baroda
542207,MASTERCARD,CREDIT,Standard,HSBC
542225,MASTERCARD,DEBIT,Gold,Yes Bank
542505,MASTERCARD,CREDIT,Gold,Royal Bank Of Scotland
542531,MASTERCARD,CREDIT,,Citibank
542556,MASTERCARD,CREDIT,Platinum,Citibank
543053,MASTERCARD,DEBIT,Prepaid,HSBC
543080,MASTERCARD,DEBIT,Prepaid,ICICI Bank
543186,MASTERCARD,CREDIT,,Standard Chartered
543252,MASTERCARD,DEBIT,Gold,Yes Bank
543423,MASTERCARD,DEBIT,Prepaid,ICICI Bank
543606,MASTERCARD,DEBIT,,
543705,MASTERCARD,CREDIT,,Kotak Mahindra Bank
543765,MASTERCARD,CREDIT,,SBI
544170,MASTERCARD,CREDIT,Gold,Citibank
544405,MASTERCARD,DEBIT,,Yes Bank
544438,MASTERCARD,CREDIT,Platinum,Standard Chartered
544574,MASTERCARD,DEBIT,,Yes Bank
544575,MASTERCARD,DEBIT,,Yes Bank
544585,MASTERCARD,DEBIT,,Yes Bank
544670,MASTERCARD,CREDIT,,Yes Bank
544751,MASTERCARD,DEBIT,,Yes Bank
544921,MASTERCARD,DEBIT,,Yes Bank
545207,MASTERCARD,CREDIT,World Card,ICICI Bank
545226,MASTERCARD,CREDIT,World Card,HDFC Bank
545332,MASTERCARD,DEBIT,,Yes Bank
545354,MASTERCARD,DEBIT,,Yes Bank
545422,MASTERCARD,CREDIT,,Canara Bank
545964,MASTERCARD,CREDIT,Platinum,HDFC Bank
546522,MASTERCARD,DEBIT,Gold,IDBI Bank
547101,MASTERCARD,DEBIT,Prepaid,Yes Bank
547277,MASTERCARD,CREDIT,Business,SBI Card
547344,MASTERCARD,CREDIT,,Bank of Baroda
547359,MASTERCARD,CREDIT,Business,Standard Chartered
547467,MASTERCARD,CREDIT,Business,ICICI Bank
547827,MASTERCARD,CREDIT,Business,Royal Bank Of Scotland
548026,MASTERCARD,DEBIT,Prepaid,Federal Bank
548245,MASTERCARD,CREDIT,Platinum,Bank of Baroda
548568,MASTERCARD,DEBIT,Prepaid,IndusInd Bank
548592,MASTERCARD,DEBIT,Prepaid,IndusInd Bank
548891,MASTERCARD,CREDIT,,Standard Chartered
549124,MASTERCARD,CREDIT,Platinum,Standard Chartered
549132,MASTERCARD,CREDIT,World Card,Standard Chartered
549172,MASTERCARD,DEBIT,,Yes Bank
549177,MASTERCARD,DEBIT,Platinum,Citibank
549253,MASTERCARD,DEBIT,Prepaid,Union Bank of India
549749,MASTERCARD,DEBIT,Standard,IDBI Bank
549751,MASTERCARD,CREDIT,Standard,Axis Bank
549752,MASTERCARD,CREDIT,Standard,Punjab National Bank
549753,MASTERCARD,DEBIT,,Yes Bank
549759,MASTERCARD,CREDIT,Standard,Canara Bank
549777,MASTERCARD,CREDIT,Standard,Citibank
549778,MASTERCARD,DEBIT,,Yes Bank
549779,MASTERCARD,DEBIT,,Yes Bank
549852,MASTERCARD,CREDIT,World Card,Citibank
549871,MASTERCARD,DEBIT,Prepaid,Yes Bank
550331,MASTERCARD,DEBIT,Prepaid,Axis Bank
550332,MASTERCARD,CREDIT,,Yes Bank
550333,MASTERCARD,CREDIT,,Yes Bank
550334,MASTERCARD,CREDIT,,Yes Bank
550335,MASTERCARD,DEBIT,Prepaid,Axis Bank
550336,MASTERCARD,DEBIT,Prepaid,Axis Bank
550337,MASTERCARD,CREDIT,,Yes Bank
550338,MASTERCARD,DEBIT,Prepaid,Axis Bank
550339,MASTERCARD,CREDIT,,Yes Bank
550340,MASTERCARD,CREDIT,,Yes Bank
550341,MASTERCARD,DEBIT,Prepaid,Axis Bank
550372,MASTERCARD,CREDIT,,HDFC Bank
550375,MASTERCARD,CREDIT,,HSBC
550610,MASTERCARD,CREDIT,,Axis Bank
552088,MASTERCARD,CREDIT,Platinum,HDFC Bank
552093,MASTERCARD,CREDIT,Platinum,Citibank
552137,MASTERCARD,CREDIT,Platinum,Citibank
552260,MASTERCARD,CREDIT,World Card,HDFC Bank
552274,MASTERCARD,CREDIT,World Card,HDFC Bank
552344,MASTERCARD,CREDIT,World Card,HDFC Bank
552385,MASTERCARD,CREDIT,World Card,HDFC Bank
552394,MASTERCARD,CREDIT,World Card,HDFC Bank
552418,MASTERCARD,CREDIT,,Yes Bank
552468,MASTERCARD,CREDIT,,Yes Bank
552790,MASTERCARD,CREDIT,Corporate,Citibank
552900,MASTERCARD,CREDIT,Corporate Purchasing,Citibank
553115,MASTERCARD,CREDIT,,HDFC Bank
553160,MASTERCARD,DEBIT,,
553162,MASTERCARD,CREDIT,Business,HDFC Bank
553408,MASTERCARD,CREDIT,Corporate,IndusInd Bank
553414,MASTERCARD,CREDIT,Corporate,ICICI Bank
553418,MASTERCARD,CREDIT,Corporate,SBI Card
553583,MASTERCARD,CREDIT,Business,HDFC Bank
553682,MASTERCARD,DEBIT,World Debit Embossed,Citibank
553683,MASTERCARD,DEBIT,,Yes Bank
553684,MASTERCARD,DEBIT,,Yes Bank
554049,MASTERCARD,CREDIT,Platinum,Bank of Baroda
554197,MASTERCARD,CREDIT,,Union Bank of India
554350,MASTERCARD,CREDIT,,Bank Of India
554351,MASTERCARD,CREDIT,Gold,Bank Of India
554374,MASTERCARD,CREDIT,Standard,Standard Chartered
554375,MASTERCARD,CREDIT,Gold,Standard Chartered
554378,MASTERCARD,CREDIT,Standard,Standard Chartered
554594,MASTERCARD,DEBIT,Prepaid,Union Bank of India
554619,MASTERCARD,CREDIT,Standard,Citibank
554623,MASTERCARD,CREDIT,Platinum,Standard Chartered
554637,MASTERCARD,CREDIT,Platinum,Citibank
554837,MASTERCARD,CREDIT,Standard,HSBC
554851,MASTERCARD,CREDIT,Gold,HSBC
554879,MASTERCARD,CREDIT,,Bank Of India
555153,MASTERCARD,CREDIT,,Yes Bank
555160,MASTERCARD,CREDIT,,Yes Bank
555219,MASTERCARD,CREDIT,,Yes Bank
555936,MASTERCARD,DEBIT,Standard,IDBI Bank
555942,MASTERCARD,CREDIT,Standard,Federal Bank
556004,MASTERCARD,CREDIT,,Yes Bank
556005,MASTERCARD,CREDIT,,Yes Bank
556015,MASTERCARD,CREDIT,,Yes Bank
556016,MASTERCARD,CREDIT,,Yes Bank
556017,MASTERCARD,CREDIT,,Yes Bank
556019,MASTERCARD,CREDIT,,Yes Bank
556027,MASTERCARD,CREDIT,,Yes Bank
556029,MASTERCARD,CREDIT,,Yes Bank
556032,MASTERCARD,CREDIT,,Yes Bank
556042,MASTERCARD,CREDIT,Business,HDFC Bank
556044,MASTERCARD,CREDIT,,Yes Bank
556045,MASTERCARD,CREDIT,,Yes Bank
556049,MASTERCARD,CREDIT,,Yes Bank
556053,MASTERCARD,DEBIT,,
556060,MASTERCARD,CREDIT,,Yes Bank
556061,MASTERCARD,CREDIT,,Yes Bank
556062,MASTERCARD,CREDIT,,Yes Bank
556063,MASTERCARD,CREDIT,,Yes Bank
556064,MASTERCARD,CREDIT,,Yes Bank
556065,MASTERCARD,CREDIT,,Yes Bank
556066,MASTERCARD,CREDIT,,Yes Bank
556067,MASTERCARD,CREDIT,,Yes Bank
556068,MASTERCARD,CREDIT,,Yes Bank
556069,MASTERCARD,CREDIT,,Yes Bank
556070,MASTERCARD,CREDIT,,Wuestenrot Bank AG Pfandbriebank
556082,MASTERCARD,CREDIT,,Yes Bank
556087,MASTERCARD,CREDIT,,Yes Bank
556088,MASTERCARD,DEBIT,,
556090,MASTERCARD,CREDIT,,Yes Bank
556094,MASTERCARD,CREDIT,,Yes Bank
556095,MASTERCARD,CREDIT,,Yes Bank
556099,MASTERCARD,CREDIT,,Westpac Banking Corporation
556102,MASTERCARD,CREDIT,,Yes Bank
556107,MASTERCARD,CREDIT,,Yorkshire Bank
556109,MASTERCARD,CREDIT,,Yes Bank
556112,MASTERCARD,CREDIT,,Yes Bank
556113,MASTERCARD,CREDIT,,Yes Bank
556117,MASTERCARD,CREDIT,,Westpac Banking Corporation
556118,MASTERCARD,CREDIT,,
556119,MASTERCARD,CREDIT,,Yes Bank
556120,MASTERCARD,CREDIT,,Yes Bank
556121,MASTERCARD,CREDIT,,Yes Bank
556122,MASTERCARD,CREDIT,,Westpac Banking Corporation
556123,MASTERCARD,CREDIT,,Yes Bank
556124,MASTERCARD,CREDIT,,Yes Bank
556125,MASTERCARD,CREDIT,,Yes Bank
556126,MASTERCARD,CREDIT,,Yes Bank
556127,MASTERCARD,CREDIT,,Yes Bank
556128,MASTERCARD,CREDIT,,Yes Bank
556129,MASTERCARD,CREDIT,,Yes Bank
556130,MASTERCARD,CREDIT,,Yes Bank
556131,MASTERCARD,CREDIT,,Yes Bank
556132,MASTERCARD,CREDIT,,Yes Bank
556133,MASTERCARD,CREDIT,,Yes Bank
556134,MASTERCARD,CREDIT,,Westpac Banking Corporation
556135,MASTERCARD,CREDIT,,Yes Bank
556136,MASTERCARD,CREDIT,,Yes Bank
556137,MASTERCARD,CREDIT,,Yes Bank
556138,MASTERCARD,CREDIT,,Yes Bank
556139,MASTERCARD,CREDIT,,Yes Bank
556140,MASTERCARD,CREDIT,,Yes Bank
556141,MASTERCARD,CREDIT,,Yes Bank
556142,MASTERCARD,CREDIT,,Yes Bank
556143,MASTERCARD,CREDIT,,Yes Bank
556144,MASTERCARD,CREDIT,,Yes Bank
556145,MASTERCARD,CREDIT,,Yes Bank
556146,MASTERCARD,CREDIT,,Yes Bank
556147,MASTERCARD,CREDIT,,Yes Bank
556148,MASTERCARD,CREDIT,,Yes Bank
556149,MASTERCARD,CREDIT,,Yes Bank
556150,MASTERCARD,CREDIT,,Yes Bank
556151,MASTERCARD,CREDIT,,Yes Bank
556152,MASTERCARD,CREDIT,,Yes Bank
556153,MASTERCARD,CREDIT,,Yes Bank
556154,MASTERCARD,CREDIT,,Yes Bank
556155,MASTERCARD,CREDIT,,Yes Bank
556156,MASTERCARD,CREDIT,,Yes Bank
556157,MASTERCARD,CREDIT,,Yes Bank
556158,MASTERCARD,CREDIT,,Yes Bank
556159,MASTERCARD,CREDIT,,Yes Bank
556160,MASTERCARD,CREDIT,,Yes Bank
556161,MASTERCARD,CREDIT,,Yes Bank
556162,MASTERCARD,CREDIT,,Yes Bank
556163,MASTERCARD,CREDIT,,Yes Bank
556164,MASTERCARD,CREDIT,,Yes Bank
556165,MASTERCARD,CREDIT,,Yes Bank
556166,MASTERCARD,CREDIT,,Yes Bank
556167,MASTERCARD,CREDIT,,Yes Bank
556168,MASTERCARD,CREDIT,,Yes Bank
556169,MASTERCARD,CREDIT,,Yes Bank
556170,MASTERCARD,CREDIT,,Yes Bank
556171,MASTERCARD,CREDIT,,Yes Bank
556172,MASTERCARD,CREDIT,,Yes Bank
556173,MASTERCARD,CREDIT,,Yes Bank
556174,MASTERCARD,CREDIT,,Yes Bank
556175,MASTERCARD,CREDIT,,Yes Bank
556176,MASTERCARD,CREDIT,,Yes Bank
556177,MASTERCARD,CREDIT,,Yes Bank
556178,MASTERCARD,CREDIT,,Yes Bank
556179,MASTERCARD,CREDIT,,Yes Bank
556180,MASTERCARD,CREDIT,,Yes Bank
556181,MASTERCARD,CREDIT,,Yes Bank
556182,MASTERCARD,CREDIT,,Yes Bank
556183,MASTERCARD,CREDIT,,Yes Bank
556184,MASTERCARD,CREDIT,,Yes Bank
556185,MASTERCARD,CREDIT,,Yes Bank
556186,MASTERCARD,CREDIT,,Yes Bank
556187,MASTERCARD,CREDIT,,Yes Bank
556188,MASTERCARD,CREDIT,,Yes Bank
556189,MASTERCARD,CREDIT,,Yes Bank
556190,MASTERCARD,CREDIT,,Yes Bank
556191,MASTERCARD,CREDIT,,Yes Bank
556192,MASTERCARD,CREDIT,,Yes Bank
556193,MASTERCARD,CREDIT,,Yes Bank
556194,MASTERCARD,CREDIT,,Yes Bank
556195,MASTERCARD,CREDIT,,Yes Bank
556196,MASTERCARD,CREDIT,,Yes Bank
556197,MASTERCARD,CREDIT,,Yes Bank
556198,MASTERCARD,CREDIT,,Yes Bank
556199,MASTERCARD,CREDIT,,Yes Bank
556200,MASTERCARD,CREDIT,,Yes Bank
556201,MASTERCARD,CREDIT,,Yes Bank
556202,MASTERCARD,CREDIT,,Yes Bank
556203,MASTERCARD,CREDIT,,Yes Bank
556204,MASTERCARD,CREDIT,,Yes Bank
556205,MASTERCARD,CREDIT,,Yes Bank
556206,MASTERCARD,CREDIT,,Yes Bank
556207,MASTERCARD,CREDIT,,Yes Bank
556208,MASTERCARD,CREDIT,,Yes Bank
556209,MASTERCARD,CREDIT,,Yes Bank
556210,MASTERCARD,CREDIT,,Yes Bank
556211,MASTERCARD,CREDIT,,Yes Bank
556212,MASTERCARD,CREDIT,,Yes Bank
556213,MASTERCARD,CREDIT,,Yes Bank
556214,MASTERCARD,CREDIT,,Yes Bank
556215,MASTERCARD,CREDIT,,Yes Bank
556216,MASTERCARD,CREDIT,,Yes Bank
556217,MASTERCARD,CREDIT,,Yes Bank
556218,MASTERCARD,CREDIT,,Yes Bank
556219,MASTERCARD,CREDIT,,Yes Bank
556220,MASTERCARD,CREDIT,,Yes Bank
556221,MASTERCARD,CREDIT,,Yes Bank
556222,MASTERCARD,CREDIT,,Yes Bank
556223,MASTERCARD,CREDIT,,Yes Bank
556224,MASTERCARD,CREDIT,,Yes Bank
556225,MASTERCARD,CREDIT,,Yes Bank
556226,MASTERCARD,CREDIT,,Yes Bank
556227,MASTERCARD,CREDIT,,Yes Bank
556228,MASTERCARD,CREDIT,,Yes Bank
556229,MASTERCARD,CREDIT,,Yes Bank
556230,MASTERCARD,CREDIT,,Yes Bank
556231,MASTERCARD,CREDIT,,Yes Bank
556232,MASTERCARD,CREDIT,,Yes Bank
556233,MASTERCARD,CREDIT,,Yes Bank
556234,MASTERCARD,CREDIT,,Yes Bank
556235,MASTERCARD,CREDIT,,Yes Bank
556236,MASTERCARD,CREDIT,,Yes Bank
556237,MASTERCARD,CREDIT,,Yes Bank
556238,MASTERCARD,CREDIT,,Yes Bank
556239,MASTERCARD,CREDIT,,Yes Bank
556240,MASTERCARD,CREDIT,,Yes Bank
556241,MASTERCARD,CREDIT,,Yes Bank
556242,MASTERCARD,CREDIT,,Yes Bank
556243,MASTERCARD,CREDIT,,Yes Bank
556244,MASTERCARD,CREDIT,,Yes Bank
556245,MASTERCARD,CREDIT,,Yes Bank
556246,MASTERCARD,CREDIT,,Yes Bank
556247,MASTERCARD,CREDIT,,Yes Bank
556248,MASTERCARD,CREDIT,,Yes Bank
556249,MASTERCARD,CREDIT,,Yes Bank
556250,MASTERCARD,CREDIT,,Yes Bank
556251,MASTERCARD,CREDIT,,Yes Bank
556252,MASTERCARD,CREDIT,,Yes Bank
556253,MASTERCARD,CREDIT,,Yes Bank
556254,MASTERCARD,CREDIT,,Yes Bank
556255,MASTERCARD,CREDIT,,Yes Bank
556256,MASTERCARD,CREDIT,,Yes Bank
556257,MASTERCARD,CREDIT,,Yes Bank
556258,MASTERCARD,CREDIT,,Yes Bank
556259,MASTERCARD,CREDIT,,Yes Bank
556260,MASTERCARD,CREDIT,,Yes Bank
556261,MASTERCARD,CREDIT,,Yes Bank
556262,MASTERCARD,CREDIT,,Yes Bank
556263,MASTERCARD,CREDIT,,Yes Bank
556264,MASTERCARD,CREDIT,,Yes Bank
556265,MASTERCARD,CREDIT,,Yes Bank
556266,MASTERCARD,CREDIT,,Yes Bank
556267,MASTERCARD,CREDIT,,Yes Bank
556268,MASTERCARD,CREDIT,,Yes Bank
556269,MASTERCARD,CREDIT,,Yes Bank
556270,MASTERCARD,CREDIT,,Yes Bank
556271,MASTERCARD,CREDIT,,Yes Bank
556272,MASTERCARD,CREDIT,,Yes Bank
556273,MASTERCARD,CREDIT,,Yes Bank
556274,MASTERCARD,CREDIT,,Yes Bank
556275,MASTERCARD,CREDIT,,Yes Bank
556276,MASTERCARD,CREDIT,,Yes Bank
556277,MASTERCARD,CREDIT,,Yes Bank
556278,MASTERCARD,CREDIT,,Yes Bank
556279,MASTERCARD,CREDIT,,Yes Bank
556280,MASTERCARD,CREDIT,,Yes Bank
556281,MASTERCARD,CREDIT,,Yes Bank
556282,MASTERCARD,CREDIT,,Yes Bank
556283,MASTERCARD,CREDIT,,Yes Bank
556284,MASTERCARD,CREDIT,,Yes Bank
556285,MASTERCARD,CREDIT,,Yes Bank
556286,MASTERCARD,CREDIT,,Yes Bank
556287,MASTERCARD,CREDIT,,Yes Bank
556288,MASTERCARD,CREDIT,,Yes Bank
556289,MASTERCARD,CREDIT,,Yes Bank
556290,MASTERCARD,CREDIT,,Yes Bank
556291,MASTERCARD,CREDIT,,Yes Bank
556292,MASTERCARD,CREDIT,,Yes Bank
556293,MASTERCARD,CREDIT,,Yes Bank
556294,MASTERCARD,CREDIT,,Yes Bank
556295,MASTERCARD,CREDIT,,Yorkshire Bank
556297,MASTERCARD,CREDIT,,Yes Bank
556298,MASTERCARD,CREDIT,,Yes Bank
556299,MASTERCARD,CREDIT,,Yes Bank
556308,MASTERCARD,CREDIT,,Yes Bank
556310,MASTERCARD,CREDIT,,Yes Bank
556318,MASTERCARD,DEBIT,,
556325,MASTERCARD,DEBIT,,
556326,MASTERCARD,DEBIT,,
556327,MASTERCARD,DEBIT,,
556328,MASTERCARD,DEBIT,,
556332,MASTERCARD,DEBIT,,
556335,MASTERCARD,CREDIT,,Yorkshire Bank
556348,MASTERCARD,CREDIT,,Yes Bank
556351,MASTERCARD,CREDIT,,Yes Bank
556356,MASTERCARD,DEBIT,,
556360,MASTERCARD,CREDIT,,Yes Bank
556361,MASTERCARD,CREDIT,,Westpac Banking Corporation
556362,MASTERCARD,CREDIT,,Yes Bank
556363,MASTERCARD,CREDIT,,Yes Bank
556366,MASTERCARD,CREDIT,,
556367,MASTERCARD,CREDIT,,
556368,MASTERCARD,DEBIT,,
556369,MASTERCARD,DEBIT,,
556373,MASTERCARD,DEBIT,,
556374,MASTERCARD,CREDIT,,
556375,MASTERCARD,CREDIT,,
556376,MASTERCARD,CREDIT,,
556378,MASTERCARD,DEBIT,,
556379,MASTERCARD,DEBIT,,
556380,MASTERCARD,DEBIT,,
556381,MASTERCARD,DEBIT,,
556382,MASTERCARD,DEBIT,,
556383,MASTERCARD,DEBIT,,
556384,MASTERCARD,DEBIT,,
556385,MASTERCARD,DEBIT,,
556386,MASTERCARD,DEBIT,,
556387,MASTERCARD,DEBIT,,
556388,MASTERCARD,DEBIT,,
556389,MASTERCARD,DEBIT,,
556390,MASTERCARD,DEBIT,,
556391,MASTERCARD,DEBIT,,
556392,MASTERCARD,CREDIT,,
556393,MASTERCARD,DEBIT,,
556394,MASTERCARD,DEBIT,,
556395,MASTERCARD,DEBIT,,
556396,MASTERCARD,DEBIT,,
556397,MASTERCARD,DEBIT,,
556398,MASTERCARD,DEBIT,,
556399,MASTERCARD,DEBIT,,
556401,MASTERCARD,DEBIT,,
556402,MASTERCARD,DEBIT,,
556403,MASTERCARD,DEBIT,,
556404,MASTERCARD,DEBIT,,
556405,MASTERCARD,DEBIT,,
556407,MASTERCARD,DEBIT,,
556408,MASTERCARD,DEBIT,,
556409,MASTERCARD,DEBIT,,
556410,MASTERCARD,DEBIT,,
556411,MASTERCARD,DEBIT,,
556412,MASTERCARD,DEBIT,,
556413,MASTERCARD,DEBIT,,
556414,MASTERCARD,DEBIT,,
556415,MASTERCARD,DEBIT,,
556416,MASTERCARD,DEBIT,,
556417,MASTERCARD,DEBIT,,
556418,MASTERCARD,DEBIT,,
556419,MASTERCARD,DEBIT,,
556420,MASTERCARD,DEBIT,,
556421,MASTERCARD,DEBIT,,
556422,MASTERCARD,DEBIT,,
556423,MASTERCARD,DEBIT,,
556424,MASTERCARD,DEBIT,,
556425,MASTERCARD,DEBIT,,
556426,MASTERCARD,DEBIT,,
556427,MASTERCARD,DEBIT,,
556428,MASTERCARD,DEBIT,,
556429,MASTERCARD,DEBIT,,
556430,MASTERCARD,DEBIT,,
556431,MASTERCARD,DEBIT,,
556432,MASTERCARD,DEBIT,,
556433,MASTERCARD,DEBIT,,
556434,MASTERCARD,DEBIT,,
556435,MASTERCARD,DEBIT,,
556436,MASTERCARD,DEBIT,,
556437,MASTERCARD,DEBIT,,
556438,MASTERCARD,DEBIT,,
556439,MASTERCARD,DEBIT,,
556440,MASTERCARD,DEBIT,,
556441,MASTERCARD,DEBIT,,
556442,MASTERCARD,DEBIT,,
556443,MASTERCARD,DEBIT,,
556444,MASTERCARD,DEBIT,,
556445,MASTERCARD,DEBIT,,
556446,MASTERCARD,DEBIT,,
556447,MASTERCARD,DEBIT,,
556448,MASTERCARD,DEBIT,,
556449,MASTERCARD,DEBIT,,
556450,MASTERCARD,DEBIT,,
556451,MASTERCARD,DEBIT,,
556452,MASTERCARD,DEBIT,,
556453,MASTERCARD,DEBIT,,
556454,MASTERCARD,DEBIT,,
556455,MASTERCARD,DEBIT,,
556456,MASTERCARD,DEBIT,,
556457,MASTERCARD,DEBIT,,
556458,MASTERCARD,DEBIT,,
556459,MASTERCARD,DEBIT,,
556461,MASTERCARD,DEBIT,,
556462,MASTERCARD,DEBIT,,
556463,MASTERCARD,DEBIT,,
556464,MASTERCARD,DEBIT,,
556465,MASTERCARD,DEBIT,,
556468,MASTERCARD,DEBIT,,
556469,MASTERCARD,DEBIT,,
556471,MASTERCARD,DEBIT,,
556472,MASTERCARD,DEBIT,,
556473,MASTERCARD,DEBIT,,
556474,MASTERCARD,DEBIT,,
556475,MASTERCARD,DEBIT,,
556476,MASTERCARD,DEBIT,,
556477,MASTERCARD,DEBIT,,
556478,MASTERCARD,DEBIT,,
556479,MASTERCARD,DEBIT,,
556480,MASTERCARD,DEBIT,,
556481,MASTERCARD,DEBIT,,
556482,MASTERCARD,DEBIT,,
556483,MASTERCARD,DEBIT,,
556484,MASTERCARD,DEBIT,,
556485,MASTERCARD,DEBIT,,
556486,MASTERCARD,DEBIT,,
556487,MASTERCARD,DEBIT,,
556488,MASTERCARD,DEBIT,,
556489,MASTERCARD,DEBIT,,
556490,MASTERCARD,DEBIT,,
556491,MASTERCARD,DEBIT,,
556492,MASTERCARD,DEBIT,,
556493,MASTERCARD,DEBIT,,
556494,MASTERCARD,DEBIT,,
556495,MASTERCARD,DEBIT,,
556496,MASTERCARD,DEBIT,,
556497,MASTERCARD,DEBIT,,
556498,MASTERCARD,DEBIT,,
556499,MASTERCARD,DEBIT,,
556501,MASTERCARD,DEBIT,,
556502,MASTERCARD,DEBIT,,
556503,MASTERCARD,DEBIT,,
556504,MASTERCARD,DEBIT,,
556505,MASTERCARD,DEBIT,,
556507,MASTERCARD,DEBIT,,
556508,MASTERCARD,DEBIT,,
556509,MASTERCARD,DEBIT,,
556511,MASTERCARD,DEBIT,,
556512,MASTERCARD,DEBIT,,
556513,MASTERCARD,DEBIT,,
556514,MASTERCARD,DEBIT,,
556515,MASTERCARD,DEBIT,,
556516,MASTERCARD,DEBIT,,
556517,MASTERCARD,DEBIT,,
556518,MASTERCARD,DEBIT,,
556519,MASTERCARD,DEBIT,,
556521,MASTERCARD,DEBIT,,
556522,MASTERCARD,DEBIT,,
556523,MASTERCARD,DEBIT,,
556524,MASTERCARD,DEBIT,,
556525,MASTERCARD,DEBIT,,
556526,MASTERCARD,DEBIT,,
556527,MASTERCARD,DEBIT,,
556528,MASTERCARD,DEBIT,,
556529,MASTERCARD,DEBIT,,
556531,MASTERCARD,DEBIT,,
556532,MASTERCARD,DEBIT,,
556533,MASTERCARD,DEBIT,,
556534,MASTERCARD,DEBIT,,
556535,MASTERCARD,DEBIT,,
556536,MASTERCARD,DEBIT,,
556537,MASTERCARD,DEBIT,,
556538,MASTERCARD,DEBIT,,
556539,MASTERCARD,DEBIT,,
556540,MASTERCARD,DEBIT,,
556541,MASTERCARD,DEBIT,,
556542,MASTERCARD,DEBIT,,
556543,MASTERCARD,DEBIT,,
556544,MASTERCARD,DEBIT,,
556545,MASTERCARD,DEBIT,,
556546,MASTERCARD,DEBIT,,
556547,MASTERCARD,DEBIT,,
556548,MASTERCARD,DEBIT,,
556549,MASTERCARD,DEBIT,,
556550,MASTERCARD,DEBIT,,
556551,MASTERCARD,DEBIT,,
556552,MASTERCARD,DEBIT,,
556553,MASTERCARD,DEBIT,,
556554,MASTERCARD,DEBIT,,
556555,MASTERCARD,DEBIT,,
556556,MASTERCARD,DEBIT,,
556557,MASTERCARD,DEBIT,,
556558,MASTERCARD,DEBIT,,
556559,MASTERCARD,DEBIT,,
556561,MASTERCARD,DEBIT,,
556562,MASTERCARD,DEBIT,,
556563,MASTERCARD,DEBIT,,
556564,MASTERCARD,DEBIT,,
556565,MASTERCARD,DEBIT,,
556567,MASTERCARD,DEBIT,,
556568,MASTERCARD,DEBIT,,
556569,MASTERCARD,DEBIT,,
556570,MASTERCARD,DEBIT,,
556571,MASTERCARD,DEBIT,,
556572,MASTERCARD,DEBIT,,
556573,MASTERCARD,DEBIT,,
556574,MASTERCARD,DEBIT,,
556575,MASTERCARD,DEBIT,,
556576,MASTERCARD,DEBIT,,
556577,MASTERCARD,DEBIT,,
556578,MASTERCARD,DEBIT,,
556579,MASTERCARD,DEBIT,,
556581,MASTERCARD,DEBIT,,
556582,MASTERCARD,DEBIT,,
556583,MASTERCARD,DEBIT,,
556584,MASTERCARD,DEBIT,,
556585,MASTERCARD,DEBIT,,
556586,MASTERCARD,DEBIT,,
556587,MASTERCARD,DEBIT,,
556588,MASTERCARD,DEBIT,,
556589,MASTERCARD,DEBIT,,
556591,MASTERCARD,DEBIT,,
556592,MASTERCARD,DEBIT,,
556593,MASTERCARD,DEBIT,,
556594,MASTERCARD,DEBIT,,
556595,MASTERCARD,DEBIT,,
556596,MASTERCARD,DEBIT,,
556597,MASTERCARD,DEBIT,,
556598,MASTERCARD,DEBIT,,
556599,MASTERCARD,DEBIT,,
556602,MASTERCARD,DEBIT,,
556604,MASTERCARD,DEBIT,,
556606,MASTERCARD,DEBIT,,
556609,MASTERCARD,DEBIT,,
556618,MASTERCARD,DEBIT,,
556620,MASTERCARD,CREDIT,Corporate,HDFC Bank
556621,MASTERCARD,DEBIT,,
556627,MASTERCARD,DEBIT,,
556629,MASTERCARD,DEBIT,,
556631,MASTERCARD,DEBIT,,
556632,MASTERCARD,CREDIT,,Wing Hang Bank
556640,MASTERCARD,DEBIT,,
556648,MASTERCARD,DEBIT,,
556649,MASTERCARD,DEBIT,,
556652,MASTERCARD,DEBIT,,
556667,MASTERCARD,DEBIT,,
556668,MASTERCARD,DEBIT,,
556669,MASTERCARD,DEBIT,,
556674,MASTERCARD,DEBIT,,
556683,MASTERCARD,DEBIT,,
556684,MASTERCARD,DEBIT,,
556685,MASTERCARD,DEBIT,,
556686,MASTERCARD,DEBIT,,
556687,MASTERCARD,DEBIT,,
556690,MASTERCARD,DEBIT,,
556691,MASTERCARD,DEBIT,,
556692,MASTERCARD,DEBIT,,
556693,MASTERCARD,DEBIT,,
556694,MASTERCARD,DEBIT,,
556695,MASTERCARD,DEBIT,,
556696,MASTERCARD,DEBIT,,
556697,MASTERCARD,DEBIT,,
556698,MASTERCARD,DEBIT,,
556699,MASTERCARD,DEBIT,,
556713,MASTERCARD,DEBIT,,
556720,MASTERCARD,DEBIT,,
556721,MASTERCARD,DEBIT,,
556725,MASTERCARD,DEBIT,,
556726,MASTERCARD,DEBIT,,
556727,MASTERCARD,DEBIT,,
556728,MASTERCARD,DEBIT,,
556729,MASTERCARD,DEBIT,,
556730,MASTERCARD,DEBIT,,
556731,MASTERCARD,DEBIT,,
556733,MASTERCARD,DEBIT,,
556737,MASTERCARD,DEBIT,,
556739,MASTERCARD,DEBIT,,
556740,MASTERCARD,DEBIT,,
556742,MASTERCARD,DEBIT,,
556743,MASTERCARD,DEBIT,,
556747,MASTERCARD,DEBIT,,
556754,MASTERCARD,DEBIT,,
556755,MASTERCARD,DEBIT,,
556756,MASTERCARD,DEBIT,,
556758,MASTERCARD,DEBIT,,
556762,MASTERCARD,DEBIT,,
556763,MASTERCARD,DEBIT,,
556764,MASTERCARD,DEBIT,,
556767,MASTERCARD,DEBIT,,
556768,MASTERCARD,DEBIT,,
556769,MASTERCARD,DEBIT,,
556770,MASTERCARD,DEBIT,,
556771,MASTERCARD,DEBIT,,
556772,MASTERCARD,DEBIT,,
556773,MASTERCARD,DEBIT,,
556774,MASTERCARD,DEBIT,,
556775,MASTERCARD,DEBIT,,
556776,MASTERCARD,DEBIT,,
556779,MASTERCARD,DEBIT,,
556783,MASTERCARD,DEBIT,,
556784,MASTERCARD,DEBIT,,
556787,MASTERCARD,DEBIT,,
556790,MASTERCARD,DEBIT,,
556793,MASTERCARD,DEBIT,,
556794,MASTERCARD,DEBIT,,
556795,MASTERCARD,DEBIT,,
556796,MASTERCARD,DEBIT,,
556797,MASTERCARD,CREDIT,,Westpac Banking Corporation
556798,MASTERCARD,DEBIT,,
556799,MASTERCARD,DEBIT,,
556818,MASTERCARD,DEBIT,,
556819,MASTERCARD,DEBIT,,
556830,MASTERCARD,DEBIT,,
556832,MASTERCARD,DEBIT,,
556833,MASTERCARD,DEBIT,,
556834,MASTERCARD,DEBIT,,
556835,MASTERCARD,DEBIT,,
556836,MASTERCARD,DEBIT,,
556837,MASTERCARD,DEBIT,,
556839,MASTERCARD,DEBIT,,
556843,MASTERCARD,DEBIT,,
556844,MASTERCARD,DEBIT,,
556845,MASTERCARD,DEBIT,,
556847,MASTERCARD,DEBIT,,
556848,MASTERCARD,DEBIT,,
556849,MASTERCARD,DEBIT,,
556852,MASTERCARD,DEBIT,,
556853,MASTERCARD,DEBIT,,
556854,MASTERCARD,DEBIT,,
556855,MASTERCARD,DEBIT,,
556856,MASTERCARD,DEBIT,,
556857,MASTERCARD,DEBIT,,
556858,MASTERCARD,DEBIT,,
556859,MASTERCARD,DEBIT,,
556861,MASTERCARD,DEBIT,,
556863,MASTERCARD,DEBIT,,
556864,MASTERCARD,DEBIT,,
556865,MASTERCARD,DEBIT,,
556867,MASTERCARD,DEBIT,,
556868,MASTERCARD,DEBIT,,
556869,MASTERCARD,DEBIT,,
556884,MASTERCARD,DEBIT,,
556914,MASTERCARD,DEBIT,,
556916,MASTERCARD,DEBIT,,
556933,MASTERCARD,DEBIT,,
556966,MASTERCARD,DEBIT,,
556973,MASTERCARD,DEBIT,,
556974,MASTERCARD,DEBIT,,
556998,MASTERCARD,DEBIT,,
556999,MASTERCARD,DEBIT,,
557554,MASTERCARD,DEBIT,Platinum,Punjab National Bank
557582,MASTERCARD,DEBIT,Platinum,SBI
557584,MASTERCARD,DEBIT,,Yes Bank
557585,MASTERCARD,DEBIT,Platinum,Union Bank of India
557586,MASTERCARD,DEBIT,,Yes Bank
557589,MASTERCARD,DEBIT,Platinum,Bank Of India
557629,MASTERCARD,DEBIT,,Yes Bank
557631,MASTERCARD,DEBIT,,Yes Bank
557632,MASTERCARD,DEBIT,,Yes Bank
557633,MASTERCARD,DEBIT,Platinum,Indian Bank
557654,MASTERCARD,CREDIT,Business,Axis Bank
557664,MASTERCARD,CREDIT,Standard,Union Bank of India
557665,MASTERCARD,DEBIT,,Yes Bank
557677,MASTERCARD,CREDIT,Standard,SBI
557684,MASTERCARD,DEBIT,Standard,Union Bank of India
557688,MASTERCARD,DEBIT,Standard,Union Bank of India
557777,MASTERCARD,CREDIT,,Central Bank Of India
557794,MASTERCARD,CREDIT,,Union Bank of India
558818,MASTERCARD,CREDIT,Business,HDFC Bank
558853,MASTERCARD,CREDIT,Business,Yes Bank
558959,MASTERCARD,CREDIT,World Card,Standard Chartered
558963,MASTERCARD,CREDIT,Business,Standard Chartered
558983,MASTERCARD,CREDIT,,Yes Bank
559004,MASTERCARD,CREDIT,Business,Union Bank of India
559300,MASTERCARD,CREDIT,,Yes Bank
559340,MASTERCARD,CREDIT,,Yes Bank
559341,MASTERCARD,CREDIT,,Yes Bank
559344,MASTERCARD,CREDIT,,Yes Bank
559345,MASTERCARD,CREDIT,,Yes Bank
559401,MASTERCARD,DEBIT,,
559426,MASTERCARD,DEBIT,,Yes Bank
559490,MASTERCARD,CREDIT,,Yes Bank
559491,MASTERCARD,CREDIT,,Yes Bank
559492,MASTERCARD,CREDIT,,Yes Bank
559493,MASTERCARD,CREDIT,,Yes Bank
559601,MASTERCARD,DEBIT,,Yes Bank
559602,MASTERCARD,DEBIT,,Yes Bank
559603,MASTERCARD,DEBIT,,Yes Bank
559604,MASTERCARD,DEBIT,,Yes Bank
559605,MASTERCARD,DEBIT,,Yes Bank
559606,MASTERCARD,DEBIT,,Yes Bank
589458,MAESTRO,DEBIT,,Yes Bank
622018,MAESTRO,DEBIT,,SBI
# Local hints (unverified) for BINs missing from the dataset
437623,VISA,CREDIT,,ICICI Bank
470512,VISA,CREDIT,,ICICI Bank
434666,VISA,CREDIT,,SBI Card
512932,MASTERCARD,CREDIT,,SBI Card
451417,VISA,CREDIT,,Axis Bank
518646,MASTERCARD,CREDIT,,Axis Bank
406655,VISA,CREDIT,,Kotak Mahindra Bank
476183,VISA,CREDIT,,Federal Bank
526912,MASTERCARD,CREDIT,,IDFC First Bank
471530,VISA,CREDIT,,IndusInd Bank
426536,VISA,CREDIT,,Yes Bank
473060,VISA,CREDIT,,RBL Bank
652850,RUPAY,CREDIT,,Slice
